nasabah_code;nama_lengkap;jenis_kelamin;tanggal_lahir;segmen_nasabah
N-10001;Nasabah Ke-1;;2010-05-12;Reguler
N-10002;Nasabah Ke-2;M;1985-12-11;Reguler
N-10003;Nasabah Ke-3;P;1994-09-12;Prioritas
N-10004;Nasabah Ke-4;P;1979-08-24;Reguler
N-10005;Nasabah Ke-5;L;2003-07-12;Reguler
N-10006;Nasabah Ke-6;L;1998-08-16;Reguler
N-10007;Nasabah Ke-7;Laki-laki;1993-11-13;Reguler
N-10008;Nasabah Ke-8;L;1989-06-17;Reguler
N-10009;Nasabah Ke-9;M;1978-09-27;Reguler
N-10010;Nasabah Ke-10;L;1988-03-16;Reguler
N-10011;Nasabah Ke-11;L;1999-06-19;Reguler
N-10012;Nasabah Ke-12;M;1993-06-13;Prioritas
N-10013;Nasabah Ke-13;L;2008-12-15;Reguler
N-10014;Nasabah Ke-14;P;1989-07-07;Reguler
N-10015;Nasabah Ke-15;L;15/08/1995;Reguler
N-10016;Nasabah Ke-16;Female;1990-09-05;Reguler
N-10017;Nasabah Ke-17;P;2005-02-12;Reguler
N-10018;Nasabah Ke-18;P;2011-05-16;Reguler
N-10019;Nasabah Ke-19;M;1987-05-26;Reguler
N-10020;Nasabah Ke-20;Female;1996-03-27;Reguler
N-10021;Nasabah Ke-21;P;1981-03-24;Reguler
N-10022;Nasabah Ke-22;Laki-laki;1980-10-10;Reguler
N-10023;Nasabah Ke-23;Laki-laki;2005-06-15;Reguler
N-10024;Nasabah Ke-24;L;1978-04-19;Reguler
N-10025;Nasabah Ke-25;M;2007-09-17;Reguler
N-10026;Nasabah Ke-26;Laki-laki;1992-05-18;Prioritas
N-10027;Nasabah Ke-27;P;1982-09-08;Reguler
N-10028;Nasabah Ke-28;M;1978-01-11;Reguler
N-10029;Nasabah Ke-29;P;1981-11-14;Reguler
N-10030;Nasabah Ke-30;L;15/08/1995;Reguler
N-10031;Nasabah Ke-31;M;2015-04-28;Reguler
N-10032;Nasabah Ke-32;Female;2006-06-26;Reguler
N-10033;Nasabah Ke-33;P;1977-10-19;Reguler
N-10034;Nasabah Ke-34;L;1977-01-12;Reguler
N-10035;Nasabah Ke-35;M;2003-08-07;Reguler
N-10036;Nasabah Ke-36;L;2011-09-11;Reguler
N-10037;Nasabah Ke-37;L;2007-09-02;Reguler
N-10038;Nasabah Ke-38;L;2003-09-04;Reguler
N-10039;Nasabah Ke-39;M;2006-11-17;Reguler
N-10040;Nasabah Ke-40;;1986-05-19;Reguler
N-10041;Nasabah Ke-41;L;2009-08-06;Reguler
N-10042;Nasabah Ke-42;;1999-03-16;Reguler
N-10043;Nasabah Ke-43;L;1985-09-19;Reguler
N-10044;Nasabah Ke-44;Laki-laki;1995-04-11;Reguler
N-10045;Nasabah Ke-45;Female;15/08/1995;Reguler
N-10046;Nasabah Ke-46;Female;2012-03-26;Reguler
N-10047;Nasabah Ke-47;M;1977-08-14;Reguler
N-10048;Nasabah Ke-48;P;2015-02-08;Reguler
N-10049;Nasabah Ke-49;Laki-laki;2008-06-25;Reguler
N-10050;Nasabah Ke-50;P;;Reguler
N-10051;Nasabah Ke-51;P;2004-04-27;Prioritas
N-10052;Nasabah Ke-52;L;1997-03-03;Reguler
N-10053;Nasabah Ke-53;L;2001-03-11;Reguler
N-10054;Nasabah Ke-54;Laki-laki;2012-07-28;Reguler
N-10055;Nasabah Ke-55;Laki-laki;1989-02-07;Reguler
N-10056;Nasabah Ke-56;Laki-laki;2000-11-14;Reguler
N-10057;Nasabah Ke-57;M;1979-07-06;RETAIL
N-10058;Nasabah Ke-58;P;1976-10-06;Reguler
N-10059;Nasabah Ke-59;P;2012-04-15;Reguler
N-10060;Nasabah Ke-60;M;15/08/1995;Reguler
N-10061;Nasabah Ke-61;;1985-10-24;Prioritas
N-10062;Nasabah Ke-62;P;1986-12-26;Reguler
N-10063;Nasabah Ke-63;P;2001-08-09;Reguler
N-10064;Nasabah Ke-64;Laki-laki;1994-05-25;Reguler
N-10065;Nasabah Ke-65;M;1979-07-26;Reguler
N-10066;Nasabah Ke-66;;1989-01-13;Reguler
N-10067;Nasabah Ke-67;M;2006-03-16;Prioritas
N-10068;Nasabah Ke-68;M;1986-10-31;Reguler
N-10069;Nasabah Ke-69;L;2012-05-07;Reguler
N-10070;Nasabah Ke-70;L;1999-09-09;Reguler
N-10071;Nasabah Ke-71;Female;1998-06-02;Reguler
N-10072;Nasabah Ke-72;Female;1977-12-21;Reguler
N-10073;Nasabah Ke-73;P;1984-09-09;Prioritas
N-10074;Nasabah Ke-74;Female;2001-08-21;Reguler
N-10075;Nasabah Ke-75;P;15/08/1995;Reguler
N-10076;Nasabah Ke-76;P;1992-06-01;Prioritas
N-10077;Nasabah Ke-77;Laki-laki;2004-12-01;Reguler
N-10078;Nasabah Ke-78;L;2003-01-05;Reguler
N-10079;Nasabah Ke-79;M;2001-09-06;Reguler
N-10080;Nasabah Ke-80;L;2008-12-10;Reguler
N-10081;Nasabah Ke-81;Laki-laki;2001-04-04;Reguler
N-10082;Nasabah Ke-82;M;2013-03-10;Reguler
N-10083;Nasabah Ke-83;Female;1977-07-29;Reguler
N-10084;Nasabah Ke-84;P;1996-06-25;Reguler
N-10085;Nasabah Ke-85;P;1995-12-19;Reguler
N-10086;Nasabah Ke-86;Laki-laki;1991-05-03;Reguler
N-10087;Nasabah Ke-87;P;2012-06-29;Reguler
N-10088;Nasabah Ke-88;L;2007-03-27;Reguler
N-10089;Nasabah Ke-89;Female;1985-07-29;Reguler
N-10090;Nasabah Ke-90;L;15/08/1995;Reguler
N-10091;Nasabah Ke-91;L;2001-10-04;Reguler
N-10092;Nasabah Ke-92;P;1995-12-15;Reguler
N-10093;Nasabah Ke-93;L;1987-03-01;Reguler
N-10094;Nasabah Ke-94;;1990-07-27;Reguler
N-10095;Nasabah Ke-95;L;2001-10-30;Reguler
N-10096;Nasabah Ke-96;L;1993-12-13;Reguler
N-10097;Nasabah Ke-97;;1994-02-20;Prioritas
N-10098;Nasabah Ke-98;L;1998-07-03;Reguler
N-10099;Nasabah Ke-99;P;2015-08-14;Reguler
N-10100;Nasabah Ke-100;Laki-laki;;Reguler
N-10101;Nasabah Ke-101;P;2011-08-08;Reguler
N-10102;Nasabah Ke-102;P;1990-11-08;Reguler
N-10103;Nasabah Ke-103;M;1976-09-04;Prioritas
N-10104;Nasabah Ke-104;L;2012-06-08;Reguler
N-10105;Nasabah Ke-105;M;15/08/1995;Reguler
N-10106;Nasabah Ke-106;P;1977-09-21;Prioritas
N-10107;Nasabah Ke-107;P;1980-10-17;Prioritas
N-10108;Nasabah Ke-108;Laki-laki;1996-09-20;Reguler
N-10109;Nasabah Ke-109;M;1983-02-15;Reguler
N-10110;Nasabah Ke-110;Laki-laki;1980-12-16;Reguler
N-10111;Nasabah Ke-111;P;1981-04-22;Reguler
N-10112;Nasabah Ke-112;P;1979-05-27;Reguler
N-10113;Nasabah Ke-113;Laki-laki;1977-11-30;Reguler
N-10114;Nasabah Ke-114;P;2006-04-20;Reguler
N-10115;Nasabah Ke-115;P;1990-09-29;Reguler
N-10116;Nasabah Ke-116;Laki-laki;1977-05-16;Reguler
N-10117;Nasabah Ke-117;M;2010-01-29;Prioritas
N-10118;Nasabah Ke-118;Female;2001-08-08;Reguler
N-10119;Nasabah Ke-119;L;2003-04-10;Reguler
N-10120;Nasabah Ke-120;P;15/08/1995;Reguler
N-10121;Nasabah Ke-121;L;1977-02-18;Reguler
N-10122;Nasabah Ke-122;Female;1975-10-06;Reguler
N-10123;Nasabah Ke-123;P;1976-07-02;Private
N-10124;Nasabah Ke-124;L;1991-02-20;Reguler
N-10125;Nasabah Ke-125;P;2003-11-21;Reguler
N-10126;Nasabah Ke-126;L;2009-06-06;Reguler
N-10127;Nasabah Ke-127;L;1991-03-29;Reguler
N-10128;Nasabah Ke-128;P;2016-01-10;Reguler
N-10129;Nasabah Ke-129;L;2005-11-16;Prioritas
N-10130;Nasabah Ke-130;L;2007-01-21;Reguler
N-10131;Nasabah Ke-131;L;2001-03-21;Reguler
N-10132;Nasabah Ke-132;L;1977-01-14;Reguler
N-10133;Nasabah Ke-133;L;1975-07-14;Reguler
N-10134;Nasabah Ke-134;Laki-laki;2015-05-30;Reguler
N-10135;Nasabah Ke-135;M;15/08/1995;Reguler
N-10136;Nasabah Ke-136;P;1998-01-26;Reguler
N-10137;Nasabah Ke-137;;1982-04-17;Reguler
N-10138;Nasabah Ke-138;L;1999-06-05;
N-10139;Nasabah Ke-139;;2008-07-03;Reguler
N-10140;Nasabah Ke-140;P;1987-02-25;Private
N-10141;Nasabah Ke-141;P;1997-01-24;Reguler
N-10142;Nasabah Ke-142;P;2009-12-20;Reguler
N-10143;Nasabah Ke-143;;1985-09-11;Prioritas
N-10144;Nasabah Ke-144;L;2005-03-14;Reguler
N-10145;Nasabah Ke-145;P;1987-07-07;Reguler
N-10146;Nasabah Ke-146;Female;2014-07-07;Reguler
N-10147;Nasabah Ke-147;Female;1994-02-26;Reguler
N-10148;Nasabah Ke-148;L;2010-01-30;Reguler
N-10149;Nasabah Ke-149;;2011-07-31;Reguler
N-10150;Nasabah Ke-150;;15/08/1995;Reguler
N-10151;Nasabah Ke-151;P;1991-12-06;Reguler
N-10152;Nasabah Ke-152;L;2001-10-10;Prioritas
N-10153;Nasabah Ke-153;Laki-laki;1995-12-30;Reguler
N-10154;Nasabah Ke-154;L;2007-03-30;Reguler
N-10155;Nasabah Ke-155;;2007-04-06;Reguler
N-10156;Nasabah Ke-156;Laki-laki;1976-09-03;Reguler
N-10157;Nasabah Ke-157;P;1975-06-12;Prioritas
N-10158;Nasabah Ke-158;M;1991-01-16;Reguler
N-10159;Nasabah Ke-159;;2002-05-15;Reguler
N-10160;Nasabah Ke-160;Laki-laki;2001-07-19;RETAIL
N-10161;Nasabah Ke-161;P;2011-03-19;Reguler
N-10162;Nasabah Ke-162;Laki-laki;2001-06-12;Prioritas
N-10163;Nasabah Ke-163;Female;1990-05-10;Reguler
N-10164;Nasabah Ke-164;Laki-laki;1991-02-08;Reguler
N-10165;Nasabah Ke-165;L;15/08/1995;Reguler
N-10166;Nasabah Ke-166;P;1994-12-21;Reguler
N-10167;Nasabah Ke-167;M;2012-07-20;Reguler
N-10168;Nasabah Ke-168;Female;1990-07-09;Reguler
N-10169;Nasabah Ke-169;L;2010-06-05;Reguler
N-10170;Nasabah Ke-170;M;1978-08-06;Reguler
N-10171;Nasabah Ke-171;Laki-laki;1991-12-19;Reguler
N-10172;Nasabah Ke-172;L;2002-02-05;RETAIL
N-10173;Nasabah Ke-173;M;1977-07-08;Reguler
N-10174;Nasabah Ke-174;P;1975-10-20;Reguler
N-10175;Nasabah Ke-175;M;2007-10-07;Reguler
N-10176;Nasabah Ke-176;Laki-laki;2013-06-07;Reguler
N-10177;Nasabah Ke-177;Female;1991-02-28;Reguler
N-10178;Nasabah Ke-178;P;1996-03-28;Reguler
N-10179;Nasabah Ke-179;L;1980-01-15;Reguler
N-10180;Nasabah Ke-180;Female;15/08/1995;Reguler
N-10181;Nasabah Ke-181;M;2007-05-23;Reguler
N-10182;Nasabah Ke-182;M;1997-07-16;prio
N-10183;Nasabah Ke-183;P;2013-04-09;Prioritas
N-10184;Nasabah Ke-184;L;1980-03-17;Prioritas
N-10185;Nasabah Ke-185;Female;2004-08-26;Reguler
N-10186;Nasabah Ke-186;P;2009-12-08;Reguler
N-10187;Nasabah Ke-187;L;2001-07-27;Reguler
N-10188;Nasabah Ke-188;M;2013-08-06;Reguler
N-10189;Nasabah Ke-189;L;1977-12-01;Reguler
N-10190;Nasabah Ke-190;L;2011-02-05;Reguler
N-10191;Nasabah Ke-191;Female;1981-06-02;Private
N-10192;Nasabah Ke-192;L;2006-05-22;Reguler
N-10193;Nasabah Ke-193;P;1977-01-25;Reguler
N-10194;Nasabah Ke-194;Laki-laki;1977-07-28;Prioritas
N-10195;Nasabah Ke-195;;15/08/1995;Reguler
N-10196;Nasabah Ke-196;P;1984-01-21;Reguler
N-10197;Nasabah Ke-197;P;2005-06-22;Reguler
N-10198;Nasabah Ke-198;;1987-10-12;Reguler
N-10199;Nasabah Ke-199;P;2006-03-08;Reguler
N-10200;Nasabah Ke-200;P;;Reguler
N-10201;Nasabah Ke-201;;1993-03-13;Reguler
N-10202;Nasabah Ke-202;M;2007-10-31;Reguler
N-10203;Nasabah Ke-203;M;1987-02-12;Reguler
N-10204;Nasabah Ke-204;Female;2010-09-24;Reguler
N-10205;Nasabah Ke-205;P;2001-04-19;Reguler
N-10206;Nasabah Ke-206;P;1979-07-31;Reguler
N-10207;Nasabah Ke-207;L;1987-04-20;Reguler
N-10208;Nasabah Ke-208;Laki-laki;1983-08-09;Reguler
N-10209;Nasabah Ke-209;;2015-07-21;Reguler
N-10210;Nasabah Ke-210;P;15/08/1995;Reguler
N-10211;Nasabah Ke-211;;1991-10-11;Reguler
N-10212;Nasabah Ke-212;P;2008-08-05;Reguler
N-10213;Nasabah Ke-213;;1996-11-20;Reguler
N-10214;Nasabah Ke-214;P;1980-07-24;Reguler
N-10215;Nasabah Ke-215;P;1989-01-16;Reguler
N-10216;Nasabah Ke-216;;2010-08-25;Reguler
N-10217;Nasabah Ke-217;P;2000-03-16;Reguler
N-10218;Nasabah Ke-218;P;1990-03-29;Reguler
N-10219;Nasabah Ke-219;P;1996-04-26;Reguler
N-10220;Nasabah Ke-220;L;2003-05-05;Reguler
N-10221;Nasabah Ke-221;P;2002-03-07;Reguler
N-10222;Nasabah Ke-222;P;2000-06-24;Reguler
N-10223;Nasabah Ke-223;M;2015-04-04;Reguler
N-10224;Nasabah Ke-224;Female;1991-01-06;Prioritas
N-10225;Nasabah Ke-225;L;15/08/1995;Reguler
N-10226;Nasabah Ke-226;L;1999-10-31;Reguler
N-10227;Nasabah Ke-227;L;1976-07-21;Reguler
N-10228;Nasabah Ke-228;;2013-03-08;Reguler
N-10229;Nasabah Ke-229;L;2015-07-09;Reguler
N-10230;Nasabah Ke-230;Female;1977-08-24;Reguler
N-10231;Nasabah Ke-231;L;1985-08-14;Reguler
N-10232;Nasabah Ke-232;P;1980-06-18;Reguler
N-10233;Nasabah Ke-233;L;1975-05-15;Reguler
N-10234;Nasabah Ke-234;M;2010-10-09;Reguler
N-10235;Nasabah Ke-235;Laki-laki;2015-04-16;Reguler
N-10236;Nasabah Ke-236;Female;2006-03-02;Reguler
N-10237;Nasabah Ke-237;L;2000-03-25;Reguler
N-10238;Nasabah Ke-238;P;2004-09-16;Prioritas
N-10239;Nasabah Ke-239;L;1996-09-06;Reguler
N-10240;Nasabah Ke-240;;15/08/1995;Reguler
N-10241;Nasabah Ke-241;Female;2011-01-14;Reguler
N-10242;Nasabah Ke-242;L;2002-04-23;Prioritas
N-10243;Nasabah Ke-243;M;2008-04-15;Reguler
N-10244;Nasabah Ke-244;L;1990-04-05;Reguler
N-10245;Nasabah Ke-245;Laki-laki;1982-12-28;Reguler
N-10246;Nasabah Ke-246;L;1989-11-05;Reguler
N-10247;Nasabah Ke-247;Laki-laki;1983-06-02;Reguler
N-10248;Nasabah Ke-248;L;1977-09-06;Reguler
N-10249;Nasabah Ke-249;Female;2001-07-15;Reguler
N-10250;Nasabah Ke-250;P;;Reguler
N-10251;Nasabah Ke-251;L;2008-09-21;Reguler
N-10252;Nasabah Ke-252;L;1996-10-12;Reguler
N-10253;Nasabah Ke-253;L;1988-08-06;Reguler
N-10254;Nasabah Ke-254;P;1981-03-13;Reguler
N-10255;Nasabah Ke-255;L;15/08/1995;Reguler
N-10256;Nasabah Ke-256;L;2011-11-29;Reguler
N-10257;Nasabah Ke-257;P;1992-12-08;Reguler
N-10258;Nasabah Ke-258;;2010-06-29;RETAIL
N-10259;Nasabah Ke-259;P;1977-08-17;Reguler
N-10260;Nasabah Ke-260;Female;1977-07-28;Reguler
N-10261;Nasabah Ke-261;P;1984-04-23;Prioritas
N-10262;Nasabah Ke-262;Laki-laki;2002-09-17;Reguler
N-10263;Nasabah Ke-263;L;2004-11-04;Private
N-10264;Nasabah Ke-264;Female;1976-01-06;Reguler
N-10265;Nasabah Ke-265;L;1991-05-09;Reguler
N-10266;Nasabah Ke-266;Female;2010-03-19;Reguler
N-10267;Nasabah Ke-267;L;1978-01-09;Reguler
N-10268;Nasabah Ke-268;P;1984-09-13;Reguler
N-10269;Nasabah Ke-269;L;2013-07-07;Reguler
N-10270;Nasabah Ke-270;;15/08/1995;Reguler
N-10271;Nasabah Ke-271;L;1996-03-08;Reguler
N-10272;Nasabah Ke-272;P;1983-01-22;Reguler
N-10273;Nasabah Ke-273;L;1994-11-15;Reguler
N-10274;Nasabah Ke-274;;1982-06-08;Reguler
N-10275;Nasabah Ke-275;P;2002-12-14;Reguler
N-10276;Nasabah Ke-276;Female;1994-10-12;Prioritas
N-10277;Nasabah Ke-277;;1986-10-23;Private
N-10278;Nasabah Ke-278;M;2006-12-05;Reguler
N-10279;Nasabah Ke-279;M;1984-06-24;Reguler
N-10280;Nasabah Ke-280;Laki-laki;1997-09-27;Reguler
N-10281;Nasabah Ke-281;M;1975-12-22;Reguler
N-10282;Nasabah Ke-282;Laki-laki;1991-06-24;Reguler
N-10283;Nasabah Ke-283;L;1976-01-18;Reguler
N-10284;Nasabah Ke-284;P;2001-09-06;Reguler
N-10285;Nasabah Ke-285;L;15/08/1995;Reguler
N-10286;Nasabah Ke-286;L;2010-09-22;Reguler
N-10287;Nasabah Ke-287;Female;1976-12-14;Reguler
N-10288;Nasabah Ke-288;P;1985-06-16;Reguler
N-10289;Nasabah Ke-289;M;1994-09-30;Prioritas
N-10290;Nasabah Ke-290;L;1978-08-17;Prioritas
N-10291;Nasabah Ke-291;Laki-laki;2010-02-24;Reguler
N-10292;Nasabah Ke-292;Laki-laki;2002-10-10;Reguler
N-10293;Nasabah Ke-293;Laki-laki;1980-01-27;Prioritas
N-10294;Nasabah Ke-294;Laki-laki;1998-12-22;Reguler
N-10295;Nasabah Ke-295;L;1986-10-17;Reguler
N-10296;Nasabah Ke-296;P;2008-05-01;Reguler
N-10297;Nasabah Ke-297;Laki-laki;2004-04-10;Reguler
N-10298;Nasabah Ke-298;P;2015-02-11;Reguler
N-10299;Nasabah Ke-299;Female;2009-01-09;Reguler
N-10300;Nasabah Ke-300;M;15/08/1995;Reguler
N-10301;Nasabah Ke-301;M;1988-06-09;Reguler
N-10302;Nasabah Ke-302;M;1987-08-09;Reguler
N-10303;Nasabah Ke-303;Female;1997-05-13;Reguler
N-10304;Nasabah Ke-304;Laki-laki;2013-01-19;Reguler
N-10305;Nasabah Ke-305;;1985-04-12;Reguler
N-10306;Nasabah Ke-306;Female;1989-09-02;Reguler
N-10307;Nasabah Ke-307;Female;1994-03-01;Reguler
N-10308;Nasabah Ke-308;Female;2006-12-26;Prioritas
N-10309;Nasabah Ke-309;P;1981-10-06;Reguler
N-10310;Nasabah Ke-310;L;1979-07-30;Reguler
N-10311;Nasabah Ke-311;P;2002-01-11;Reguler
N-10312;Nasabah Ke-312;P;1983-04-01;prio
N-10313;Nasabah Ke-313;P;2006-09-22;Reguler
N-10314;Nasabah Ke-314;L;1976-09-19;Private
N-10315;Nasabah Ke-315;;15/08/1995;Reguler
N-10316;Nasabah Ke-316;Laki-laki;2004-02-27;Reguler
N-10317;Nasabah Ke-317;;1996-08-03;Reguler
N-10318;Nasabah Ke-318;L;1982-09-18;Reguler
N-10319;Nasabah Ke-319;M;1994-02-06;Reguler
N-10320;Nasabah Ke-320;P;1984-07-07;Reguler
N-10321;Nasabah Ke-321;P;2004-12-08;Reguler
N-10322;Nasabah Ke-322;L;1986-03-16;Reguler
N-10323;Nasabah Ke-323;;2014-10-18;Reguler
N-10324;Nasabah Ke-324;L;1996-08-04;Reguler
N-10325;Nasabah Ke-325;P;1978-11-05;Reguler
N-10326;Nasabah Ke-326;L;2011-03-14;RETAIL
N-10327;Nasabah Ke-327;L;2007-01-22;Reguler
N-10328;Nasabah Ke-328;P;1982-06-13;Reguler
N-10329;Nasabah Ke-329;L;1985-04-19;Private
N-10330;Nasabah Ke-330;L;15/08/1995;Reguler
N-10331;Nasabah Ke-331;M;1986-10-02;Reguler
N-10332;Nasabah Ke-332;Laki-laki;1984-12-24;Reguler
N-10333;Nasabah Ke-333;P;2001-01-24;Reguler
N-10334;Nasabah Ke-334;P;1986-05-06;Reguler
N-10335;Nasabah Ke-335;Female;1999-04-20;Reguler
N-10336;Nasabah Ke-336;Laki-laki;1999-10-26;Reguler
N-10337;Nasabah Ke-337;P;1989-11-02;Reguler
N-10338;Nasabah Ke-338;M;1986-02-12;Reguler
N-10339;Nasabah Ke-339;P;2007-03-07;Reguler
N-10340;Nasabah Ke-340;L;2000-03-31;Reguler
N-10341;Nasabah Ke-341;L;2001-03-23;Reguler
N-10342;Nasabah Ke-342;Laki-laki;1982-01-05;Reguler
N-10343;Nasabah Ke-343;Female;2009-08-05;Reguler
N-10344;Nasabah Ke-344;M;2001-04-10;Reguler
N-10345;Nasabah Ke-345;Laki-laki;15/08/1995;Reguler
N-10346;Nasabah Ke-346;L;1997-09-07;Reguler
N-10347;Nasabah Ke-347;;1998-07-28;Reguler
N-10348;Nasabah Ke-348;P;1991-09-18;Reguler
N-10349;Nasabah Ke-349;L;1993-11-25;Reguler
N-10350;Nasabah Ke-350;L;;Prioritas
N-10351;Nasabah Ke-351;P;2006-01-03;Reguler
N-10352;Nasabah Ke-352;Laki-laki;1976-06-10;Reguler
N-10353;Nasabah Ke-353;;1977-10-26;Reguler
N-10354;Nasabah Ke-354;Female;1991-02-09;Reguler
N-10355;Nasabah Ke-355;M;1993-05-18;RETAIL
N-10356;Nasabah Ke-356;;2005-05-08;Reguler
N-10357;Nasabah Ke-357;L;2006-09-08;Reguler
N-10358;Nasabah Ke-358;L;1989-04-03;Reguler
N-10359;Nasabah Ke-359;Laki-laki;1976-08-18;Reguler
N-10360;Nasabah Ke-360;L;15/08/1995;Reguler
N-10361;Nasabah Ke-361;;2007-07-18;Reguler
N-10362;Nasabah Ke-362;Laki-laki;1999-07-15;Reguler
N-10363;Nasabah Ke-363;Laki-laki;2006-11-03;Reguler
N-10364;Nasabah Ke-364;P;1993-10-21;Prioritas
N-10365;Nasabah Ke-365;;2015-08-31;Reguler
N-10366;Nasabah Ke-366;L;1984-11-03;Reguler
N-10367;Nasabah Ke-367;P;1993-10-02;Reguler
N-10368;Nasabah Ke-368;L;1989-11-30;Reguler
N-10369;Nasabah Ke-369;L;1982-04-25;Reguler
N-10370;Nasabah Ke-370;Laki-laki;1996-05-08;Reguler
N-10371;Nasabah Ke-371;P;1995-04-28;Reguler
N-10372;Nasabah Ke-372;P;2005-08-10;Reguler
N-10373;Nasabah Ke-373;L;1989-10-19;Prioritas
N-10374;Nasabah Ke-374;L;1981-12-04;Reguler
N-10375;Nasabah Ke-375;L;15/08/1995;Reguler
N-10376;Nasabah Ke-376;;1991-05-30;Reguler
N-10377;Nasabah Ke-377;P;1999-11-28;Reguler
N-10378;Nasabah Ke-378;L;2010-02-15;Reguler
N-10379;Nasabah Ke-379;P;1984-04-10;Reguler
N-10380;Nasabah Ke-380;P;1983-05-19;Reguler
N-10381;Nasabah Ke-381;L;1976-12-10;Reguler
N-10382;Nasabah Ke-382;;2002-04-26;Reguler
N-10383;Nasabah Ke-383;L;2004-06-17;Reguler
N-10384;Nasabah Ke-384;;2003-02-05;Reguler
N-10385;Nasabah Ke-385;Female;1988-12-04;Prioritas
N-10386;Nasabah Ke-386;;2013-03-02;Reguler
N-10387;Nasabah Ke-387;;2009-06-30;Reguler
N-10388;Nasabah Ke-388;P;1989-04-12;Reguler
N-10389;Nasabah Ke-389;Laki-laki;1988-12-04;Reguler
N-10390;Nasabah Ke-390;M;15/08/1995;Reguler
N-10391;Nasabah Ke-391;Female;1975-04-09;Reguler
N-10392;Nasabah Ke-392;M;2015-10-04;Reguler
N-10393;Nasabah Ke-393;Female;1981-11-14;Reguler
N-10394;Nasabah Ke-394;;1994-10-18;Reguler
N-10395;Nasabah Ke-395;M;2009-01-02;Reguler
N-10396;Nasabah Ke-396;L;1979-09-10;Prioritas
N-10397;Nasabah Ke-397;;1993-09-10;Prioritas
N-10398;Nasabah Ke-398;;1997-08-19;Reguler
N-10399;Nasabah Ke-399;;1997-09-28;Reguler
N-10400;Nasabah Ke-400;;;Reguler
N-10401;Nasabah Ke-401;P;1977-02-24;Private
N-10402;Nasabah Ke-402;;2015-10-19;Reguler
N-10403;Nasabah Ke-403;;2009-12-17;Reguler
N-10404;Nasabah Ke-404;Laki-laki;1977-11-20;Reguler
N-10405;Nasabah Ke-405;;15/08/1995;Reguler
N-10406;Nasabah Ke-406;Female;2011-04-29;Reguler
N-10407;Nasabah Ke-407;L;1985-07-11;Reguler
N-10408;Nasabah Ke-408;;1987-07-07;Reguler
N-10409;Nasabah Ke-409;;1984-07-25;Reguler
N-10410;Nasabah Ke-410;;1986-07-05;Reguler
N-10411;Nasabah Ke-411;L;2013-01-14;Reguler
N-10412;Nasabah Ke-412;M;1982-11-09;Reguler
N-10413;Nasabah Ke-413;;2010-04-18;Reguler
N-10414;Nasabah Ke-414;M;1984-12-20;Reguler
N-10415;Nasabah Ke-415;Laki-laki;1996-12-23;Reguler
N-10416;Nasabah Ke-416;P;2012-08-08;
N-10417;Nasabah Ke-417;M;1993-04-28;Reguler
N-10418;Nasabah Ke-418;Female;1990-07-28;Reguler
N-10419;Nasabah Ke-419;M;1983-06-07;Reguler
N-10420;Nasabah Ke-420;M;15/08/1995;Reguler
N-10421;Nasabah Ke-421;;2008-02-22;Reguler
N-10422;Nasabah Ke-422;Laki-laki;1996-04-28;Reguler
N-10423;Nasabah Ke-423;M;1984-08-14;Reguler
N-10424;Nasabah Ke-424;;1976-01-09;Prioritas
N-10425;Nasabah Ke-425;M;1977-08-08;
N-10426;Nasabah Ke-426;Female;1993-11-08;Reguler
N-10427;Nasabah Ke-427;L;1986-10-08;Prioritas
N-10428;Nasabah Ke-428;L;1980-09-04;Reguler
N-10429;Nasabah Ke-429;;2008-11-24;Reguler
N-10430;Nasabah Ke-430;M;1982-07-06;Reguler
N-10431;Nasabah Ke-431;L;1996-03-17;Prioritas
N-10432;Nasabah Ke-432;Laki-laki;1995-06-04;Reguler
N-10433;Nasabah Ke-433;L;2007-02-01;Reguler
N-10434;Nasabah Ke-434;Female;1982-04-24;Reguler
N-10435;Nasabah Ke-435;P;15/08/1995;Reguler
N-10436;Nasabah Ke-436;P;2014-09-24;Prioritas
N-10437;Nasabah Ke-437;Female;2008-06-19;Reguler
N-10438;Nasabah Ke-438;L;1997-04-02;Prioritas
N-10439;Nasabah Ke-439;Female;1999-05-22;Reguler
N-10440;Nasabah Ke-440;P;1975-01-01;Reguler
N-10441;Nasabah Ke-441;Laki-laki;2009-02-16;
N-10442;Nasabah Ke-442;L;2004-06-09;Reguler
N-10443;Nasabah Ke-443;P;2008-04-06;Reguler
N-10444;Nasabah Ke-444;Female;1989-01-19;Reguler
N-10445;Nasabah Ke-445;Laki-laki;2002-08-15;Reguler
N-10446;Nasabah Ke-446;;2007-12-07;RETAIL
N-10447;Nasabah Ke-447;P;2014-02-10;Reguler
N-10448;Nasabah Ke-448;M;1989-09-12;Prioritas
N-10449;Nasabah Ke-449;;2011-03-07;Reguler
N-10450;Nasabah Ke-450;Female;15/08/1995;Reguler
N-10451;Nasabah Ke-451;L;1999-05-19;Reguler
N-10452;Nasabah Ke-452;P;1985-09-16;Reguler
N-10453;Nasabah Ke-453;L;1983-10-05;Reguler
N-10454;Nasabah Ke-454;L;1989-10-31;Reguler
N-10455;Nasabah Ke-455;P;2015-05-03;Reguler
N-10456;Nasabah Ke-456;M;1976-04-07;Reguler
N-10457;Nasabah Ke-457;P;1988-06-20;Reguler
N-10458;Nasabah Ke-458;P;2002-07-18;Reguler
N-10459;Nasabah Ke-459;P;1999-11-02;Reguler
N-10460;Nasabah Ke-460;Laki-laki;1985-05-14;Reguler
N-10461;Nasabah Ke-461;L;1978-02-25;Reguler
N-10462;Nasabah Ke-462;M;2012-02-20;Reguler
N-10463;Nasabah Ke-463;L;2004-12-13;Reguler
N-10464;Nasabah Ke-464;P;2008-09-14;Reguler
N-10465;Nasabah Ke-465;;15/08/1995;Reguler
N-10466;Nasabah Ke-466;Laki-laki;1998-02-22;Reguler
N-10467;Nasabah Ke-467;P;2007-06-20;Reguler
N-10468;Nasabah Ke-468;P;2001-01-22;Reguler
N-10469;Nasabah Ke-469;P;2000-05-01;Reguler
N-10470;Nasabah Ke-470;P;1984-03-02;Reguler
N-10471;Nasabah Ke-471;M;2009-03-26;Reguler
N-10472;Nasabah Ke-472;L;1993-08-03;Prioritas
N-10473;Nasabah Ke-473;P;2003-02-27;Prioritas
N-10474;Nasabah Ke-474;M;1979-12-15;Reguler
N-10475;Nasabah Ke-475;Female;1985-04-20;
N-10476;Nasabah Ke-476;P;2009-09-28;Reguler
N-10477;Nasabah Ke-477;L;1989-04-29;Reguler
N-10478;Nasabah Ke-478;P;2013-02-15;Reguler
N-10479;Nasabah Ke-479;Female;2008-04-07;Reguler
N-10480;Nasabah Ke-480;;15/08/1995;Reguler
N-10481;Nasabah Ke-481;Laki-laki;1977-04-07;Reguler
N-10482;Nasabah Ke-482;;1992-03-01;
N-10483;Nasabah Ke-483;L;2006-07-29;Reguler
N-10484;Nasabah Ke-484;M;2014-08-31;Reguler
N-10485;Nasabah Ke-485;M;1986-04-20;Reguler
N-10486;Nasabah Ke-486;L;2007-12-20;Private
N-10487;Nasabah Ke-487;M;2014-12-29;Prioritas
N-10488;Nasabah Ke-488;L;1997-07-13;Reguler
N-10489;Nasabah Ke-489;P;1993-12-27;Reguler
N-10490;Nasabah Ke-490;L;2001-07-28;Reguler
N-10491;Nasabah Ke-491;L;1988-02-19;
N-10492;Nasabah Ke-492;L;1998-04-10;Reguler
N-10493;Nasabah Ke-493;L;1985-11-27;Reguler
N-10494;Nasabah Ke-494;M;1996-09-24;Reguler
N-10495;Nasabah Ke-495;P;15/08/1995;Reguler
N-10496;Nasabah Ke-496;M;1990-06-07;Reguler
N-10497;Nasabah Ke-497;P;1975-04-04;RETAIL
N-10498;Nasabah Ke-498;;2003-01-28;Reguler
N-10499;Nasabah Ke-499;L;1989-01-20;Reguler
N-10500;Nasabah Ke-500;Laki-laki;;Reguler
N-10501;Nasabah Ke-501;Female;2003-05-13;Reguler
N-10502;Nasabah Ke-502;Laki-laki;1994-01-13;Reguler
N-10503;Nasabah Ke-503;P;1985-07-20;Reguler
N-10504;Nasabah Ke-504;M;2002-08-16;Reguler
N-10505;Nasabah Ke-505;P;2010-02-28;Reguler
N-10506;Nasabah Ke-506;P;1982-02-06;Reguler
N-10507;Nasabah Ke-507;Female;1976-01-31;Reguler
N-10508;Nasabah Ke-508;L;2011-01-31;Reguler
N-10509;Nasabah Ke-509;Laki-laki;1986-02-14;Reguler
N-10510;Nasabah Ke-510;L;15/08/1995;Prioritas
N-10511;Nasabah Ke-511;M;1996-02-04;Prioritas
N-10512;Nasabah Ke-512;P;1994-11-16;Reguler
N-10513;Nasabah Ke-513;Laki-laki;1976-01-21;Reguler
N-10514;Nasabah Ke-514;Laki-laki;2014-01-26;Reguler
N-10515;Nasabah Ke-515;L;1985-12-05;Reguler
N-10516;Nasabah Ke-516;L;1993-04-10;Reguler
N-10517;Nasabah Ke-517;Female;1996-05-01;Reguler
N-10518;Nasabah Ke-518;M;2000-06-25;Reguler
N-10519;Nasabah Ke-519;P;2015-02-25;Reguler
N-10520;Nasabah Ke-520;P;2006-08-21;Reguler
N-10521;Nasabah Ke-521;L;2004-09-02;Private
N-10522;Nasabah Ke-522;P;1977-10-02;Reguler
N-10523;Nasabah Ke-523;P;2013-07-20;Reguler
N-10524;Nasabah Ke-524;Laki-laki;2005-11-03;Reguler
N-10525;Nasabah Ke-525;Laki-laki;15/08/1995;Reguler
N-10526;Nasabah Ke-526;Female;1998-08-19;Reguler
N-10527;Nasabah Ke-527;Female;1990-06-11;Prioritas
N-10528;Nasabah Ke-528;;1979-06-23;Reguler
N-10529;Nasabah Ke-529;L;2005-10-08;Reguler
N-10530;Nasabah Ke-530;P;1986-03-23;Reguler
N-10531;Nasabah Ke-531;L;1979-09-22;Reguler
N-10532;Nasabah Ke-532;L;2013-02-03;Reguler
N-10533;Nasabah Ke-533;Laki-laki;1993-01-14;Prioritas
N-10534;Nasabah Ke-534;;1992-09-26;Reguler
N-10535;Nasabah Ke-535;Laki-laki;1984-03-04;Reguler
N-10536;Nasabah Ke-536;Laki-laki;2013-12-04;Reguler
N-10537;Nasabah Ke-537;P;2005-02-03;Reguler
N-10538;Nasabah Ke-538;M;1989-01-21;Reguler
N-10539;Nasabah Ke-539;P;1991-09-30;Prioritas
N-10540;Nasabah Ke-540;Female;15/08/1995;Reguler
N-10541;Nasabah Ke-541;Laki-laki;1985-07-29;Reguler
N-10542;Nasabah Ke-542;Female;1985-05-02;Reguler
N-10543;Nasabah Ke-543;P;1988-07-30;Reguler
N-10544;Nasabah Ke-544;L;1996-05-03;Reguler
N-10545;Nasabah Ke-545;L;1976-08-24;Reguler
N-10546;Nasabah Ke-546;;1997-12-27;Reguler
N-10547;Nasabah Ke-547;P;2013-09-20;Reguler
N-10548;Nasabah Ke-548;P;1987-11-24;Reguler
N-10549;Nasabah Ke-549;L;1977-02-07;
N-10550;Nasabah Ke-550;Laki-laki;;Reguler
N-10551;Nasabah Ke-551;Laki-laki;1989-08-11;Prioritas
N-10552;Nasabah Ke-552;;1995-07-03;Reguler
N-10553;Nasabah Ke-553;P;1985-11-18;Reguler
N-10554;Nasabah Ke-554;M;2011-12-14;Reguler
N-10555;Nasabah Ke-555;P;15/08/1995;Reguler
N-10556;Nasabah Ke-556;;1986-06-10;Reguler
N-10557;Nasabah Ke-557;M;1977-03-10;Reguler
N-10558;Nasabah Ke-558;Laki-laki;2010-03-17;Reguler
N-10559;Nasabah Ke-559;L;1977-10-17;Reguler
N-10560;Nasabah Ke-560;L;2014-03-04;Reguler
N-10561;Nasabah Ke-561;L;1997-12-30;Reguler
N-10562;Nasabah Ke-562;P;1985-11-29;Reguler
N-10563;Nasabah Ke-563;M;1988-11-03;Reguler
N-10564;Nasabah Ke-564;P;1995-11-18;Reguler
N-10565;Nasabah Ke-565;L;2011-07-04;Reguler
N-10566;Nasabah Ke-566;Laki-laki;2013-01-28;Reguler
N-10567;Nasabah Ke-567;Laki-laki;1994-09-15;Reguler
N-10568;Nasabah Ke-568;L;2016-01-13;Reguler
N-10569;Nasabah Ke-569;;1986-12-21;Reguler
N-10570;Nasabah Ke-570;Laki-laki;15/08/1995;Prioritas
N-10571;Nasabah Ke-571;;2002-11-24;Reguler
N-10572;Nasabah Ke-572;Female;1998-02-18;Reguler
N-10573;Nasabah Ke-573;;1998-03-29;Reguler
N-10574;Nasabah Ke-574;L;1983-11-02;Reguler
N-10575;Nasabah Ke-575;Female;1997-01-07;Reguler
N-10576;Nasabah Ke-576;M;2003-09-20;Reguler
N-10577;Nasabah Ke-577;L;1977-04-06;Reguler
N-10578;Nasabah Ke-578;Female;2011-06-23;Reguler
N-10579;Nasabah Ke-579;L;1987-04-11;Reguler
N-10580;Nasabah Ke-580;P;1976-11-19;Reguler
N-10581;Nasabah Ke-581;Laki-laki;2013-01-25;Reguler
N-10582;Nasabah Ke-582;Female;1995-06-24;Reguler
N-10583;Nasabah Ke-583;L;1999-06-16;Reguler
N-10584;Nasabah Ke-584;P;1979-06-23;Reguler
N-10585;Nasabah Ke-585;P;15/08/1995;Reguler
N-10586;Nasabah Ke-586;P;1988-03-09;Reguler
N-10587;Nasabah Ke-587;L;1998-04-10;Reguler
N-10588;Nasabah Ke-588;M;2003-03-17;Reguler
N-10589;Nasabah Ke-589;;2004-03-20;Reguler
N-10590;Nasabah Ke-590;;1979-08-23;Reguler
N-10591;Nasabah Ke-591;P;2015-06-22;Reguler
N-10592;Nasabah Ke-592;;1983-09-29;Reguler
N-10593;Nasabah Ke-593;P;1976-04-13;Reguler
N-10594;Nasabah Ke-594;P;1979-10-30;Reguler
N-10595;Nasabah Ke-595;;2004-03-09;Reguler
N-10596;Nasabah Ke-596;M;1984-01-09;Reguler
N-10597;Nasabah Ke-597;M;1992-07-28;Prioritas
N-10598;Nasabah Ke-598;M;1992-01-23;Reguler
N-10599;Nasabah Ke-599;;1985-07-14;Reguler
N-10600;Nasabah Ke-600;L;15/08/1995;Reguler
N-10601;Nasabah Ke-601;M;2006-12-27;Reguler
N-10602;Nasabah Ke-602;Female;1992-11-15;Reguler
N-10603;Nasabah Ke-603;Female;2008-10-15;Reguler
N-10604;Nasabah Ke-604;L;2013-02-04;Reguler
N-10605;Nasabah Ke-605;P;1996-12-22;Reguler
N-10606;Nasabah Ke-606;Laki-laki;1989-08-23;Reguler
N-10607;Nasabah Ke-607;Female;1995-06-26;Prioritas
N-10608;Nasabah Ke-608;;1983-12-02;Reguler
N-10609;Nasabah Ke-609;Laki-laki;1983-01-17;Reguler
N-10610;Nasabah Ke-610;L;2008-01-04;Reguler
N-10611;Nasabah Ke-611;P;2011-04-15;Reguler
N-10612;Nasabah Ke-612;Female;2008-06-15;Reguler
N-10613;Nasabah Ke-613;L;2014-05-17;Private
N-10614;Nasabah Ke-614;Laki-laki;2014-09-25;Reguler
N-10615;Nasabah Ke-615;;15/08/1995;Reguler
N-10616;Nasabah Ke-616;P;1981-08-09;Prioritas
N-10617;Nasabah Ke-617;Laki-laki;2006-03-27;Prioritas
N-10618;Nasabah Ke-618;;1998-12-04;Reguler
N-10619;Nasabah Ke-619;;1976-07-30;Reguler
N-10620;Nasabah Ke-620;P;2012-10-14;Reguler
N-10621;Nasabah Ke-621;L;2010-07-09;Reguler
N-10622;Nasabah Ke-622;L;2001-05-23;Reguler
N-10623;Nasabah Ke-623;Female;1985-11-09;Reguler
N-10624;Nasabah Ke-624;Female;2009-11-28;Reguler
N-10625;Nasabah Ke-625;Female;2005-09-24;Reguler
N-10626;Nasabah Ke-626;Female;1978-10-12;Prioritas
N-10627;Nasabah Ke-627;Female;1978-02-12;Reguler
N-10628;Nasabah Ke-628;L;2011-01-11;Reguler
N-10629;Nasabah Ke-629;L;1992-03-29;Reguler
N-10630;Nasabah Ke-630;M;15/08/1995;Prioritas
N-10631;Nasabah Ke-631;Laki-laki;1993-05-17;Reguler
N-10632;Nasabah Ke-632;P;1975-04-06;Reguler
N-10633;Nasabah Ke-633;M;1979-09-28;Reguler
N-10634;Nasabah Ke-634;L;2008-05-08;Reguler
N-10635;Nasabah Ke-635;L;1995-01-26;Reguler
N-10636;Nasabah Ke-636;P;1976-03-27;Reguler
N-10637;Nasabah Ke-637;Female;1979-12-07;Reguler
N-10638;Nasabah Ke-638;L;2010-05-24;Reguler
N-10639;Nasabah Ke-639;L;2000-12-06;Reguler
N-10640;Nasabah Ke-640;L;2011-11-25;Prioritas
N-10641;Nasabah Ke-641;P;1996-03-11;Reguler
N-10642;Nasabah Ke-642;P;1991-10-24;Reguler
N-10643;Nasabah Ke-643;P;2001-06-23;Reguler
N-10644;Nasabah Ke-644;M;1980-12-18;Reguler
N-10645;Nasabah Ke-645;L;15/08/1995;Reguler
N-10646;Nasabah Ke-646;;2013-10-10;Reguler
N-10647;Nasabah Ke-647;Laki-laki;1999-05-13;Reguler
N-10648;Nasabah Ke-648;;1988-09-23;Reguler
N-10649;Nasabah Ke-649;Female;1981-07-29;Reguler
N-10650;Nasabah Ke-650;P;;Reguler
N-10651;Nasabah Ke-651;Female;1984-04-24;Reguler
N-10652;Nasabah Ke-652;L;1988-04-18;prio
N-10653;Nasabah Ke-653;;2003-05-25;Reguler
N-10654;Nasabah Ke-654;L;1988-02-12;Reguler
N-10655;Nasabah Ke-655;Female;2012-12-23;Reguler
N-10656;Nasabah Ke-656;P;1988-04-29;Reguler
N-10657;Nasabah Ke-657;M;2001-05-04;Reguler
N-10658;Nasabah Ke-658;;2014-10-03;Reguler
N-10659;Nasabah Ke-659;;1984-08-11;Reguler
N-10660;Nasabah Ke-660;Female;15/08/1995;Reguler
N-10661;Nasabah Ke-661;P;2005-08-16;Reguler
N-10662;Nasabah Ke-662;;1987-11-14;Reguler
N-10663;Nasabah Ke-663;Laki-laki;1983-06-27;Reguler
N-10664;Nasabah Ke-664;;2015-10-18;Reguler
N-10665;Nasabah Ke-665;Female;1997-01-14;Reguler
N-10666;Nasabah Ke-666;Laki-laki;1977-12-29;Reguler
N-10667;Nasabah Ke-667;Female;1996-08-10;Reguler
N-10668;Nasabah Ke-668;;2012-11-25;Reguler
N-10669;Nasabah Ke-669;P;1977-03-12;Reguler
N-10670;Nasabah Ke-670;Female;1982-06-17;Prioritas
N-10671;Nasabah Ke-671;M;1993-08-28;Reguler
N-10672;Nasabah Ke-672;M;1984-11-03;Reguler
N-10673;Nasabah Ke-673;L;1991-05-24;Reguler
N-10674;Nasabah Ke-674;Laki-laki;2007-10-20;Reguler
N-10675;Nasabah Ke-675;Laki-laki;15/08/1995;Reguler
N-10676;Nasabah Ke-676;P;1975-09-02;Reguler
N-10677;Nasabah Ke-677;P;1986-11-28;Reguler
N-10678;Nasabah Ke-678;;1988-06-14;Prioritas
N-10679;Nasabah Ke-679;L;1989-09-25;Reguler
N-10680;Nasabah Ke-680;;1975-08-04;Reguler
N-10681;Nasabah Ke-681;M;1986-09-02;Reguler
N-10682;Nasabah Ke-682;Female;2015-04-13;Reguler
N-10683;Nasabah Ke-683;P;2008-02-05;Reguler
N-10684;Nasabah Ke-684;Female;1997-10-19;Reguler
N-10685;Nasabah Ke-685;;1982-10-06;Reguler
N-10686;Nasabah Ke-686;Laki-laki;2003-10-16;Reguler
N-10687;Nasabah Ke-687;P;2007-12-11;Reguler
N-10688;Nasabah Ke-688;L;1989-07-05;Reguler
N-10689;Nasabah Ke-689;M;1980-05-08;Reguler
N-10690;Nasabah Ke-690;P;15/08/1995;Reguler
N-10691;Nasabah Ke-691;P;1979-11-24;Reguler
N-10692;Nasabah Ke-692;P;1995-01-26;Prioritas
N-10693;Nasabah Ke-693;P;1994-07-14;Reguler
N-10694;Nasabah Ke-694;L;1999-03-06;Reguler
N-10695;Nasabah Ke-695;L;1982-05-17;Reguler
N-10696;Nasabah Ke-696;Female;2013-05-22;Reguler
N-10697;Nasabah Ke-697;L;1992-06-28;Reguler
N-10698;Nasabah Ke-698;Laki-laki;1996-10-07;Reguler
N-10699;Nasabah Ke-699;M;1976-03-01;Reguler
N-10700;Nasabah Ke-700;Laki-laki;;Reguler
N-10701;Nasabah Ke-701;Laki-laki;2011-09-16;Reguler
N-10702;Nasabah Ke-702;P;2006-03-30;Reguler
N-10703;Nasabah Ke-703;L;2007-02-02;Reguler
N-10704;Nasabah Ke-704;M;1994-10-05;Reguler
N-10705;Nasabah Ke-705;L;15/08/1995;Reguler
N-10706;Nasabah Ke-706;M;1984-05-17;Reguler
N-10707;Nasabah Ke-707;L;1981-06-18;Reguler
N-10708;Nasabah Ke-708;Laki-laki;2005-06-03;Reguler
N-10709;Nasabah Ke-709;Laki-laki;1997-06-12;Prioritas
N-10710;Nasabah Ke-710;P;1991-02-13;Reguler
N-10711;Nasabah Ke-711;L;1977-09-10;Reguler
N-10712;Nasabah Ke-712;;1975-04-20;Prioritas
N-10713;Nasabah Ke-713;L;1975-01-03;Reguler
N-10714;Nasabah Ke-714;P;1985-07-22;Reguler
N-10715;Nasabah Ke-715;P;1998-09-27;Reguler
N-10716;Nasabah Ke-716;Laki-laki;1997-04-14;Reguler
N-10717;Nasabah Ke-717;;1988-06-09;Reguler
N-10718;Nasabah Ke-718;Female;1989-02-04;prio
N-10719;Nasabah Ke-719;L;1995-01-10;Reguler
N-10720;Nasabah Ke-720;Laki-laki;15/08/1995;Reguler
N-10721;Nasabah Ke-721;L;1994-12-13;Reguler
N-10722;Nasabah Ke-722;P;1990-10-09;Reguler
N-10723;Nasabah Ke-723;P;2005-12-17;Prioritas
N-10724;Nasabah Ke-724;M;2001-09-21;Prioritas
N-10725;Nasabah Ke-725;P;2001-12-12;Reguler
N-10726;Nasabah Ke-726;P;1979-11-20;Reguler
N-10727;Nasabah Ke-727;P;1999-08-30;Reguler
N-10728;Nasabah Ke-728;L;2008-08-22;Reguler
N-10729;Nasabah Ke-729;Laki-laki;2006-02-12;Reguler
N-10730;Nasabah Ke-730;;1982-05-11;Reguler
N-10731;Nasabah Ke-731;L;2013-08-09;Reguler
N-10732;Nasabah Ke-732;L;2014-04-08;Reguler
N-10733;Nasabah Ke-733;P;2009-10-02;Reguler
N-10734;Nasabah Ke-734;P;2002-02-22;Reguler
N-10735;Nasabah Ke-735;L;15/08/1995;Reguler
N-10736;Nasabah Ke-736;;1997-12-09;Reguler
N-10737;Nasabah Ke-737;P;1978-01-05;Reguler
N-10738;Nasabah Ke-738;Female;1979-04-26;Reguler
N-10739;Nasabah Ke-739;;2015-07-22;Reguler
N-10740;Nasabah Ke-740;P;1992-12-16;Reguler
N-10741;Nasabah Ke-741;M;1996-02-11;Reguler
N-10742;Nasabah Ke-742;L;1992-08-01;Reguler
N-10743;Nasabah Ke-743;P;1988-11-28;Reguler
N-10744;Nasabah Ke-744;L;1992-01-26;Reguler
N-10745;Nasabah Ke-745;;1998-10-01;Reguler
N-10746;Nasabah Ke-746;M;1988-08-21;Reguler
N-10747;Nasabah Ke-747;M;1990-05-08;Reguler
N-10748;Nasabah Ke-748;Female;1976-06-02;Reguler
N-10749;Nasabah Ke-749;P;1993-01-16;Reguler
N-10750;Nasabah Ke-750;M;15/08/1995;Reguler
N-10751;Nasabah Ke-751;P;1983-04-19;Reguler
N-10752;Nasabah Ke-752;L;1996-08-08;Reguler
N-10753;Nasabah Ke-753;Laki-laki;1981-03-27;Reguler
N-10754;Nasabah Ke-754;Laki-laki;1978-02-09;Reguler
N-10755;Nasabah Ke-755;M;1978-08-29;Reguler
N-10756;Nasabah Ke-756;M;1980-03-10;Reguler
N-10757;Nasabah Ke-757;L;2012-12-11;Prioritas
N-10758;Nasabah Ke-758;P;1994-06-02;Reguler
N-10759;Nasabah Ke-759;L;1991-02-15;Reguler
N-10760;Nasabah Ke-760;L;1991-12-10;Reguler
N-10761;Nasabah Ke-761;P;1989-03-03;Reguler
N-10762;Nasabah Ke-762;Laki-laki;1991-10-30;Reguler
N-10763;Nasabah Ke-763;;1976-10-02;Reguler
N-10764;Nasabah Ke-764;;2015-06-21;Reguler
N-10765;Nasabah Ke-765;L;15/08/1995;Reguler
N-10766;Nasabah Ke-766;Female;2008-02-12;Reguler
N-10767;Nasabah Ke-767;;1983-04-27;Reguler
N-10768;Nasabah Ke-768;P;1984-05-13;Reguler
N-10769;Nasabah Ke-769;L;1992-07-03;Reguler
N-10770;Nasabah Ke-770;;1976-10-10;Reguler
N-10771;Nasabah Ke-771;P;1998-05-15;Reguler
N-10772;Nasabah Ke-772;P;1996-03-02;Reguler
N-10773;Nasabah Ke-773;;2014-08-11;Reguler
N-10774;Nasabah Ke-774;M;2016-01-04;Reguler
N-10775;Nasabah Ke-775;L;1997-03-07;Reguler
N-10776;Nasabah Ke-776;P;1983-02-17;prio
N-10777;Nasabah Ke-777;M;1989-11-20;Reguler
N-10778;Nasabah Ke-778;;1988-04-15;Reguler
N-10779;Nasabah Ke-779;Laki-laki;2010-09-08;Reguler
N-10780;Nasabah Ke-780;Laki-laki;15/08/1995;Reguler
N-10781;Nasabah Ke-781;;2000-09-30;Reguler
N-10782;Nasabah Ke-782;L;1981-08-15;Reguler
N-10783;Nasabah Ke-783;P;2008-01-21;Reguler
N-10784;Nasabah Ke-784;L;1994-11-29;Reguler
N-10785;Nasabah Ke-785;L;1998-05-03;Reguler
N-10786;Nasabah Ke-786;P;1978-07-07;Reguler
N-10787;Nasabah Ke-787;P;2002-11-24;Reguler
N-10788;Nasabah Ke-788;M;1975-06-26;Reguler
N-10789;Nasabah Ke-789;M;2011-08-19;Reguler
N-10790;Nasabah Ke-790;Laki-laki;2005-02-07;Prioritas
N-10791;Nasabah Ke-791;L;1989-07-06;Private
N-10792;Nasabah Ke-792;L;2009-11-20;Reguler
N-10793;Nasabah Ke-793;M;2006-10-08;Reguler
N-10794;Nasabah Ke-794;;1998-05-14;Reguler
N-10795;Nasabah Ke-795;L;15/08/1995;Reguler
N-10796;Nasabah Ke-796;L;2003-09-29;Reguler
N-10797;Nasabah Ke-797;L;2012-11-27;Reguler
N-10798;Nasabah Ke-798;;1979-04-09;Reguler
N-10799;Nasabah Ke-799;;2005-07-28;Reguler
N-10800;Nasabah Ke-800;L;;Reguler
N-10801;Nasabah Ke-801;;2003-11-02;Reguler
N-10802;Nasabah Ke-802;Laki-laki;2007-10-23;Reguler
N-10803;Nasabah Ke-803;L;2003-02-13;Prioritas
N-10804;Nasabah Ke-804;L;1995-12-05;Reguler
N-10805;Nasabah Ke-805;L;2008-05-07;Reguler
N-10806;Nasabah Ke-806;Female;2001-08-06;Reguler
N-10807;Nasabah Ke-807;P;2008-06-17;Reguler
N-10808;Nasabah Ke-808;Female;2013-12-13;Prioritas
N-10809;Nasabah Ke-809;;2004-04-05;Reguler
N-10810;Nasabah Ke-810;M;15/08/1995;Reguler
N-10811;Nasabah Ke-811;Laki-laki;2012-09-23;Reguler
N-10812;Nasabah Ke-812;Female;2015-01-04;Reguler
N-10813;Nasabah Ke-813;Laki-laki;1977-08-14;Reguler
N-10814;Nasabah Ke-814;Laki-laki;1992-05-24;Reguler
N-10815;Nasabah Ke-815;;2010-05-28;Prioritas
N-10816;Nasabah Ke-816;P;1984-05-27;Reguler
N-10817;Nasabah Ke-817;Laki-laki;1993-02-10;Reguler
N-10818;Nasabah Ke-818;;1988-02-16;Reguler
N-10819;Nasabah Ke-819;P;1978-12-24;Reguler
N-10820;Nasabah Ke-820;Laki-laki;2010-06-08;Reguler
N-10821;Nasabah Ke-821;P;1996-01-19;Reguler
N-10822;Nasabah Ke-822;P;1988-06-02;Private
N-10823;Nasabah Ke-823;Laki-laki;2006-10-28;Reguler
N-10824;Nasabah Ke-824;M;1977-01-26;Reguler
N-10825;Nasabah Ke-825;Laki-laki;15/08/1995;Reguler
N-10826;Nasabah Ke-826;Laki-laki;1998-01-10;Reguler
N-10827;Nasabah Ke-827;Laki-laki;2010-09-19;Reguler
N-10828;Nasabah Ke-828;P;1976-09-14;Prioritas
N-10829;Nasabah Ke-829;P;1996-03-16;Reguler
N-10830;Nasabah Ke-830;P;2006-10-01;Reguler
N-10831;Nasabah Ke-831;M;1987-10-13;Reguler
N-10832;Nasabah Ke-832;P;1981-02-20;Prioritas
N-10833;Nasabah Ke-833;L;2015-04-11;Reguler
N-10834;Nasabah Ke-834;Laki-laki;2014-07-30;Prioritas
N-10835;Nasabah Ke-835;;2003-07-17;Reguler
N-10836;Nasabah Ke-836;M;2000-01-25;Reguler
N-10837;Nasabah Ke-837;M;2000-06-13;Reguler
N-10838;Nasabah Ke-838;Female;2015-06-07;Reguler
N-10839;Nasabah Ke-839;L;1982-03-27;Reguler
N-10840;Nasabah Ke-840;Laki-laki;15/08/1995;Reguler
N-10841;Nasabah Ke-841;P;1990-11-27;Reguler
N-10842;Nasabah Ke-842;L;2015-09-18;Reguler
N-10843;Nasabah Ke-843;Laki-laki;1982-08-28;Reguler
N-10844;Nasabah Ke-844;L;1990-06-12;RETAIL
N-10845;Nasabah Ke-845;Laki-laki;1983-07-17;Reguler
N-10846;Nasabah Ke-846;Female;1982-09-29;Reguler
N-10847;Nasabah Ke-847;Female;1980-04-11;Reguler
N-10848;Nasabah Ke-848;Female;2015-02-18;Reguler
N-10849;Nasabah Ke-849;Female;2004-09-06;Reguler
N-10850;Nasabah Ke-850;Female;;Prioritas
N-10851;Nasabah Ke-851;Laki-laki;2008-12-12;Reguler
N-10852;Nasabah Ke-852;L;2001-10-29;Reguler
N-10853;Nasabah Ke-853;;2014-01-01;Reguler
N-10854;Nasabah Ke-854;P;1998-03-08;Reguler
N-10855;Nasabah Ke-855;Laki-laki;15/08/1995;Reguler
N-10856;Nasabah Ke-856;Laki-laki;1986-12-13;Reguler
N-10857;Nasabah Ke-857;L;1986-02-03;Reguler
N-10858;Nasabah Ke-858;Laki-laki;1987-08-21;Reguler
N-10859;Nasabah Ke-859;Female;1996-12-23;Reguler
N-10860;Nasabah Ke-860;Laki-laki;1976-09-14;Private
N-10861;Nasabah Ke-861;P;1984-06-10;Reguler
N-10862;Nasabah Ke-862;M;1978-05-13;Reguler
N-10863;Nasabah Ke-863;P;1989-08-26;Reguler
N-10864;Nasabah Ke-864;;1997-05-31;Reguler
N-10865;Nasabah Ke-865;Laki-laki;2013-01-03;Reguler
N-10866;Nasabah Ke-866;;2003-03-27;Prioritas
N-10867;Nasabah Ke-867;L;1997-09-14;Reguler
N-10868;Nasabah Ke-868;M;1976-02-16;Reguler
N-10869;Nasabah Ke-869;M;1976-11-10;Reguler
N-10870;Nasabah Ke-870;L;15/08/1995;Reguler
N-10871;Nasabah Ke-871;L;1977-11-09;Prioritas
N-10872;Nasabah Ke-872;Female;1989-01-23;Reguler
N-10873;Nasabah Ke-873;Laki-laki;1989-04-22;Reguler
N-10874;Nasabah Ke-874;L;1975-02-11;Reguler
N-10875;Nasabah Ke-875;Female;1983-08-08;Prioritas
N-10876;Nasabah Ke-876;Laki-laki;1990-05-17;
N-10877;Nasabah Ke-877;P;1995-05-04;Reguler
N-10878;Nasabah Ke-878;L;1987-06-21;Reguler
N-10879;Nasabah Ke-879;Laki-laki;1988-05-30;Reguler
N-10880;Nasabah Ke-880;L;1978-01-20;Reguler
N-10881;Nasabah Ke-881;P;2006-04-01;Prioritas
N-10882;Nasabah Ke-882;L;2003-08-08;Reguler
N-10883;Nasabah Ke-883;M;1988-10-09;Prioritas
N-10884;Nasabah Ke-884;M;2007-12-19;prio
N-10885;Nasabah Ke-885;L;15/08/1995;Prioritas
N-10886;Nasabah Ke-886;Female;1994-02-24;Reguler
N-10887;Nasabah Ke-887;L;1991-12-22;Reguler
N-10888;Nasabah Ke-888;Female;1999-09-16;Reguler
N-10889;Nasabah Ke-889;M;1994-11-12;Reguler
N-10890;Nasabah Ke-890;L;2006-09-15;Reguler
N-10891;Nasabah Ke-891;L;1997-02-07;Reguler
N-10892;Nasabah Ke-892;Female;2006-05-13;Reguler
N-10893;Nasabah Ke-893;;1983-10-16;Reguler
N-10894;Nasabah Ke-894;Laki-laki;1991-11-13;Reguler
N-10895;Nasabah Ke-895;P;2006-09-30;Reguler
N-10896;Nasabah Ke-896;M;2002-08-09;Private
N-10897;Nasabah Ke-897;L;1991-04-07;Reguler
N-10898;Nasabah Ke-898;;1984-03-28;Reguler
N-10899;Nasabah Ke-899;Female;1982-11-28;Reguler
N-10900;Nasabah Ke-900;Laki-laki;15/08/1995;Private
N-10901;Nasabah Ke-901;P;1982-02-11;Reguler
N-10902;Nasabah Ke-902;L;2005-10-16;Reguler
N-10903;Nasabah Ke-903;L;1982-06-06;Reguler
N-10904;Nasabah Ke-904;L;2004-08-14;Reguler
N-10905;Nasabah Ke-905;Female;1989-12-02;Reguler
N-10906;Nasabah Ke-906;L;2009-07-09;Reguler
N-10907;Nasabah Ke-907;P;2011-07-11;Reguler
N-10908;Nasabah Ke-908;P;2009-01-04;Prioritas
N-10909;Nasabah Ke-909;P;1991-01-18;Reguler
N-10910;Nasabah Ke-910;M;1989-07-21;Reguler
N-10911;Nasabah Ke-911;Female;1982-02-03;Reguler
N-10912;Nasabah Ke-912;L;1996-05-02;Reguler
N-10913;Nasabah Ke-913;L;2014-07-05;Reguler
N-10914;Nasabah Ke-914;P;2012-12-18;Prioritas
N-10915;Nasabah Ke-915;L;15/08/1995;Reguler
N-10916;Nasabah Ke-916;P;2011-04-27;Reguler
N-10917;Nasabah Ke-917;P;2001-08-15;Reguler
N-10918;Nasabah Ke-918;L;2009-01-25;Reguler
N-10919;Nasabah Ke-919;Laki-laki;1979-07-30;Reguler
N-10920;Nasabah Ke-920;;1987-01-29;Reguler
N-10921;Nasabah Ke-921;P;1982-06-11;Reguler
N-10922;Nasabah Ke-922;L;1992-01-30;Reguler
N-10923;Nasabah Ke-923;Laki-laki;2014-03-22;Prioritas
N-10924;Nasabah Ke-924;L;2012-07-05;Reguler
N-10925;Nasabah Ke-925;P;1984-12-23;Reguler
N-10926;Nasabah Ke-926;P;2001-07-18;Reguler
N-10927;Nasabah Ke-927;M;2009-06-11;Reguler
N-10928;Nasabah Ke-928;L;1991-08-21;Reguler
N-10929;Nasabah Ke-929;L;1981-05-31;Reguler
N-10930;Nasabah Ke-930;L;15/08/1995;Reguler
N-10931;Nasabah Ke-931;M;2008-07-05;Reguler
N-10932;Nasabah Ke-932;L;1992-09-25;Private
N-10933;Nasabah Ke-933;P;1979-06-20;Reguler
N-10934;Nasabah Ke-934;Laki-laki;2006-09-14;Reguler
N-10935;Nasabah Ke-935;Laki-laki;2012-09-18;Prioritas
N-10936;Nasabah Ke-936;Female;1999-11-03;Reguler
N-10937;Nasabah Ke-937;;1977-05-06;Reguler
N-10938;Nasabah Ke-938;Female;2010-09-24;Reguler
N-10939;Nasabah Ke-939;L;2008-07-03;Reguler
N-10940;Nasabah Ke-940;;2004-11-07;Reguler
N-10941;Nasabah Ke-941;L;2010-05-17;Reguler
N-10942;Nasabah Ke-942;L;1991-08-08;Reguler
N-10943;Nasabah Ke-943;L;2004-08-31;Reguler
N-10944;Nasabah Ke-944;P;1975-06-18;Reguler
N-10945;Nasabah Ke-945;P;15/08/1995;Reguler
N-10946;Nasabah Ke-946;M;1980-11-23;Reguler
N-10947;Nasabah Ke-947;;2014-11-30;Private
N-10948;Nasabah Ke-948;;1988-11-20;Reguler
N-10949;Nasabah Ke-949;;1996-04-29;Reguler
N-10950;Nasabah Ke-950;Laki-laki;;Reguler
N-10951;Nasabah Ke-951;;2000-05-04;Reguler
N-10952;Nasabah Ke-952;Laki-laki;1975-11-28;Reguler
N-10953;Nasabah Ke-953;M;2003-01-02;Reguler
N-10954;Nasabah Ke-954;;2003-05-14;Reguler
N-10955;Nasabah Ke-955;P;1979-12-02;Reguler
N-10956;Nasabah Ke-956;L;2001-02-14;Reguler
N-10957;Nasabah Ke-957;L;2012-09-14;Prioritas
N-10958;Nasabah Ke-958;L;1994-10-07;Prioritas
N-10959;Nasabah Ke-959;Laki-laki;2006-02-25;Reguler
N-10960;Nasabah Ke-960;M;15/08/1995;Reguler
N-10961;Nasabah Ke-961;P;2014-04-19;Reguler
N-10962;Nasabah Ke-962;P;2014-07-04;Reguler
N-10963;Nasabah Ke-963;P;2009-08-28;Reguler
N-10964;Nasabah Ke-964;Laki-laki;2008-02-27;Reguler
N-10965;Nasabah Ke-965;P;1995-11-26;Reguler
N-10966;Nasabah Ke-966;L;2011-02-18;Reguler
N-10967;Nasabah Ke-967;Female;1983-10-02;Reguler
N-10968;Nasabah Ke-968;P;1998-05-15;Reguler
N-10969;Nasabah Ke-969;M;2007-03-02;Reguler
N-10970;Nasabah Ke-970;L;1982-04-01;Reguler
N-10971;Nasabah Ke-971;L;1997-04-05;Reguler
N-10972;Nasabah Ke-972;;1977-12-31;Reguler
N-10973;Nasabah Ke-973;L;2007-01-30;Prioritas
N-10974;Nasabah Ke-974;P;1976-11-17;Reguler
N-10975;Nasabah Ke-975;P;15/08/1995;Reguler
N-10976;Nasabah Ke-976;Female;2002-05-12;Reguler
N-10977;Nasabah Ke-977;L;2002-04-19;Reguler
N-10978;Nasabah Ke-978;P;2012-06-14;Reguler
N-10979;Nasabah Ke-979;P;1996-08-17;Reguler
N-10980;Nasabah Ke-980;P;1982-04-09;Reguler
N-10981;Nasabah Ke-981;Laki-laki;1990-05-04;Reguler
N-10982;Nasabah Ke-982;M;2002-06-09;Reguler
N-10983;Nasabah Ke-983;P;1985-11-07;Reguler
N-10984;Nasabah Ke-984;P;2008-06-08;Reguler
N-10985;Nasabah Ke-985;Female;2007-08-02;Reguler
N-10986;Nasabah Ke-986;M;2006-10-21;Reguler
N-10987;Nasabah Ke-987;P;1995-04-24;Reguler
N-10988;Nasabah Ke-988;L;1980-07-12;Reguler
N-10989;Nasabah Ke-989;;1997-10-28;Reguler
N-10990;Nasabah Ke-990;;15/08/1995;Reguler
N-10991;Nasabah Ke-991;P;1983-04-15;Reguler
N-10992;Nasabah Ke-992;;1976-05-24;Reguler
N-10993;Nasabah Ke-993;P;1993-07-07;Reguler
N-10994;Nasabah Ke-994;P;2011-07-29;Reguler
N-10995;Nasabah Ke-995;L;2012-12-26;Reguler
N-10996;Nasabah Ke-996;L;1996-09-23;Reguler
N-10997;Nasabah Ke-997;L;2009-04-02;Reguler
N-10998;Nasabah Ke-998;P;2003-07-11;Reguler
N-10999;Nasabah Ke-999;;2009-04-10;Reguler
N-11000;Nasabah Ke-1000;P;;Reguler