nasabah_code,nama_lengkap,jenis_kelamin,tanggal_lahir,segmen_nasabah
N-11001,Nasabah Baru N-11001,L,1994-06-03,
N-11002,Nasabah Baru N-11002,Laki-laki,07/07/1998,
N-11003,Nasabah Baru N-11003,,12/07/1993,
N-11004,Nasabah Baru N-11004,Laki-laki,02/02/2005,Prioritas
N-11005,Nasabah Baru N-11005,Laki-laki,27/09/1992,Reguler
N-11006,Nasabah Baru N-11006,L,1981-01-05,Prioritas
N-11007,Nasabah Baru N-11007,M,28/08/1996,Prioritas
N-11008,Nasabah Baru N-11008,M,1971-09-08,Prioritas
N-11009,Nasabah Baru N-11009,,05/04/1991,
N-11010,Nasabah Baru N-11010,Female,15/02/1982,
N-11011,Nasabah Baru N-11011,M,26/11/1976,
N-11012,Nasabah Baru N-11012,,1999-01-12,Prioritas
N-11013,Nasabah Baru N-11013,M,26/01/1995,
N-11014,Nasabah Baru N-11014,L,26/10/2001,Prioritas
N-11015,Nasabah Baru N-11015,,1996-11-07,Reguler
N-11016,Nasabah Baru N-11016,Female,1990-09-03,
N-11017,Nasabah Baru N-11017,L,1979-06-04,
N-11018,Nasabah Baru N-11018,L,02/11/1978,Prioritas
N-11019,Nasabah Baru N-11019,Laki-laki,19/06/1996,Prioritas
N-11020,Nasabah Baru N-11020,Laki-laki,1978-10-18,Prioritas
N-11021,Nasabah Baru N-11021,L,18/09/1986,Prioritas
N-11022,Nasabah Baru N-11022,M,1992-11-27,
N-11023,Nasabah Baru N-11023,Female,1977-02-27,
N-11024,Nasabah Baru N-11024,Laki-laki,06/11/2004,
N-11025,Nasabah Baru N-11025,P,08/09/1980,
N-11026,Nasabah Baru N-11026,P,1979-01-05,
N-11027,Nasabah Baru N-11027,L,1994-08-11,
N-11028,Nasabah Baru N-11028,,12/12/2004,Reguler
N-11029,Nasabah Baru N-11029,,1989-05-04,
N-11030,Nasabah Baru N-11030,P,31/05/1982,Prioritas
N-11031,Nasabah Baru N-11031,L,10/04/1971,Prioritas
N-11032,Nasabah Baru N-11032,,01/05/1999,Prioritas
N-11033,Nasabah Baru N-11033,,14/07/1990,Prioritas
N-11034,Nasabah Baru N-11034,Female,10/08/2002,Prioritas
N-11035,Nasabah Baru N-11035,Female,1997-10-16,
N-11036,Nasabah Baru N-11036,M,1986-08-29,
N-11037,Nasabah Baru N-11037,L,1986-09-03,Prioritas
N-11038,Nasabah Baru N-11038,L,1995-02-17,
N-11039,Nasabah Baru N-11039,Female,06/10/2002,Reguler
N-11040,Nasabah Baru N-11040,Female,1996-03-13,Reguler
N-11041,Nasabah Baru N-11041,L,07/04/1994,
N-11042,Nasabah Baru N-11042,Laki-laki,03/04/2000,
N-11043,Nasabah Baru N-11043,M,25/12/1991,Prioritas
N-11044,Nasabah Baru N-11044,M,15/04/1977,
N-11045,Nasabah Baru N-11045,M,2003-07-05,Reguler
N-11046,Nasabah Baru N-11046,Female,28/09/2004,Prioritas
N-11047,Nasabah Baru N-11047,M,14/12/1981,Prioritas
N-11048,Nasabah Baru N-11048,M,1984-06-08,Reguler
N-11049,Nasabah Baru N-11049,Laki-laki,22/10/1978,
N-11050,Nasabah Baru N-11050,L,1979-11-27,Prioritas
N-11051,Nasabah Baru N-11051,,1988-05-20,Prioritas
N-11052,Nasabah Baru N-11052,L,18/01/1978,Prioritas
N-11053,Nasabah Baru N-11053,M,1986-09-14,Prioritas
N-11054,Nasabah Baru N-11054,,2003-12-15,Prioritas
N-11055,Nasabah Baru N-11055,,11/11/1972,Prioritas
N-11056,Nasabah Baru N-11056,M,14/10/1980,Prioritas
N-11057,Nasabah Baru N-11057,Female,1999-03-10,Prioritas
N-11058,Nasabah Baru N-11058,L,1978-12-03,Prioritas
N-11059,Nasabah Baru N-11059,,10/10/2003,Reguler
N-11060,Nasabah Baru N-11060,P,29/10/1986,Reguler
N-11061,Nasabah Baru N-11061,P,1995-06-24,Reguler
N-11062,Nasabah Baru N-11062,P,1979-08-19,Prioritas
N-11063,Nasabah Baru N-11063,L,1971-10-02,
N-11064,Nasabah Baru N-11064,L,17/04/1981,Reguler
N-11065,Nasabah Baru N-11065,,17/05/1983,
N-11066,Nasabah Baru N-11066,Female,26/07/1986,Prioritas
N-11067,Nasabah Baru N-11067,L,25/11/2000,Reguler
N-11068,Nasabah Baru N-11068,P,1987-01-03,Prioritas
N-11069,Nasabah Baru N-11069,P,1982-01-29,
N-11070,Nasabah Baru N-11070,Female,2001-02-24,
N-11071,Nasabah Baru N-11071,Female,03/03/1972,
N-11072,Nasabah Baru N-11072,M,30/06/1976,
N-11073,Nasabah Baru N-11073,,29/07/1977,Prioritas
N-11074,Nasabah Baru N-11074,,25/08/1983,Reguler
N-11075,Nasabah Baru N-11075,M,08/10/1981,Prioritas
N-11076,Nasabah Baru N-11076,M,1989-05-10,Prioritas
N-11077,Nasabah Baru N-11077,L,20/03/2001,Reguler
N-11078,Nasabah Baru N-11078,M,1984-01-07,Reguler
N-11079,Nasabah Baru N-11079,Female,1995-08-07,Prioritas
N-11080,Nasabah Baru N-11080,,12/01/2000,Prioritas
N-11081,Nasabah Baru N-11081,Laki-laki,1974-01-17,Reguler
N-11082,Nasabah Baru N-11082,L,28/08/1974,
N-11083,Nasabah Baru N-11083,P,1986-08-05,
N-11084,Nasabah Baru N-11084,L,23/01/1984,Prioritas
N-11085,Nasabah Baru N-11085,Laki-laki,21/09/2005,
N-11086,Nasabah Baru N-11086,M,1981-05-26,Prioritas
N-11087,Nasabah Baru N-11087,P,1998-07-08,Prioritas
N-11088,Nasabah Baru N-11088,,1974-09-30,Prioritas
N-11089,Nasabah Baru N-11089,P,03/12/1975,Reguler
N-11090,Nasabah Baru N-11090,M,18/09/1988,
N-11091,Nasabah Baru N-11091,M,1983-11-20,
N-11092,Nasabah Baru N-11092,Laki-laki,18/05/1982,Reguler
N-11093,Nasabah Baru N-11093,Female,15/01/1997,
N-11094,Nasabah Baru N-11094,Laki-laki,1984-01-26,Prioritas
N-11095,Nasabah Baru N-11095,M,26/04/2005,Prioritas
N-11096,Nasabah Baru N-11096,Female,1998-12-11,Reguler
N-11097,Nasabah Baru N-11097,Laki-laki,1990-01-31,Reguler
N-11098,Nasabah Baru N-11098,M,26/08/1987,
N-11099,Nasabah Baru N-11099,L,2001-08-07,
N-11100,Nasabah Baru N-11100,P,24/03/1979,Prioritas
N-11101,Nasabah Baru N-11101,,20/08/1972,Prioritas
N-11102,Nasabah Baru N-11102,Laki-laki,2002-11-21,
N-11103,Nasabah Baru N-11103,L,11/04/1993,
N-11104,Nasabah Baru N-11104,Laki-laki,1995-07-24,
N-11105,Nasabah Baru N-11105,L,24/02/1996,
N-11106,Nasabah Baru N-11106,L,05/12/1972,Prioritas
N-11107,Nasabah Baru N-11107,Female,29/09/1986,Reguler
N-11108,Nasabah Baru N-11108,,1985-05-01,Reguler
N-11109,Nasabah Baru N-11109,,22/09/1984,
N-11110,Nasabah Baru N-11110,Female,19/08/1987,Reguler
N-11111,Nasabah Baru N-11111,,04/09/1999,
N-11112,Nasabah Baru N-11112,Laki-laki,1975-09-16,Reguler
N-11113,Nasabah Baru N-11113,M,1996-07-16,
N-11114,Nasabah Baru N-11114,,1995-09-23,Reguler
N-11115,Nasabah Baru N-11115,P,20/09/1988,Prioritas
N-11116,Nasabah Baru N-11116,M,1983-03-30,
N-11117,Nasabah Baru N-11117,Female,1988-12-11,Reguler
N-11118,Nasabah Baru N-11118,Female,04/09/1997,Prioritas
N-11119,Nasabah Baru N-11119,P,21/10/1975,Reguler
N-11120,Nasabah Baru N-11120,P,1987-08-19,Reguler
N-11121,Nasabah Baru N-11121,L,28/11/1995,Reguler
N-11122,Nasabah Baru N-11122,,1983-06-27,Prioritas
N-11123,Nasabah Baru N-11123,P,01/09/1971,Reguler
N-11124,Nasabah Baru N-11124,L,23/04/1974,Reguler
N-11125,Nasabah Baru N-11125,L,1971-09-16,Prioritas
N-11126,Nasabah Baru N-11126,,1994-03-13,Reguler
N-11127,Nasabah Baru N-11127,Laki-laki,19/10/1976,
N-11128,Nasabah Baru N-11128,L,21/11/1974,
N-11129,Nasabah Baru N-11129,M,1999-12-26,Prioritas
N-11130,Nasabah Baru N-11130,L,10/04/1981,Reguler
N-11131,Nasabah Baru N-11131,L,1997-08-05,Reguler
N-11132,Nasabah Baru N-11132,Female,2000-05-08,
N-11133,Nasabah Baru N-11133,P,2001-11-27,Prioritas
N-11134,Nasabah Baru N-11134,Female,2003-12-05,Reguler
N-11135,Nasabah Baru N-11135,L,08/02/1975,Reguler
N-11136,Nasabah Baru N-11136,Female,1999-09-18,Prioritas
N-11137,Nasabah Baru N-11137,Female,1991-03-31,
N-11138,Nasabah Baru N-11138,M,26/06/1996,Reguler
N-11139,Nasabah Baru N-11139,Female,25/06/1976,Reguler
N-11140,Nasabah Baru N-11140,P,16/12/1989,Reguler
N-11141,Nasabah Baru N-11141,Laki-laki,1985-06-05,Reguler
N-11142,Nasabah Baru N-11142,M,21/07/1975,Prioritas
N-11143,Nasabah Baru N-11143,P,1991-08-29,
N-11144,Nasabah Baru N-11144,P,27/01/1999,Reguler
N-11145,Nasabah Baru N-11145,Female,14/09/2004,Reguler
N-11146,Nasabah Baru N-11146,Laki-laki,10/09/1996,
N-11147,Nasabah Baru N-11147,M,1999-12-08,
N-11148,Nasabah Baru N-11148,M,2001-06-28,
N-11149,Nasabah Baru N-11149,L,1977-08-26,Reguler
N-11150,Nasabah Baru N-11150,,01/09/1981,
N-11151,Nasabah Baru N-11151,M,1978-01-20,Prioritas
N-11152,Nasabah Baru N-11152,M,03/06/1980,Reguler
N-11153,Nasabah Baru N-11153,Laki-laki,21/03/1970,
N-11154,Nasabah Baru N-11154,P,1996-02-19,Reguler
N-11155,Nasabah Baru N-11155,M,1981-04-17,
N-11156,Nasabah Baru N-11156,Female,15/08/1988,Prioritas
N-11157,Nasabah Baru N-11157,,08/05/1971,
N-11158,Nasabah Baru N-11158,Laki-laki,2003-07-28,
N-11159,Nasabah Baru N-11159,,20/06/1978,
N-11160,Nasabah Baru N-11160,P,24/10/1983,Reguler
N-11161,Nasabah Baru N-11161,L,16/07/2005,
N-11162,Nasabah Baru N-11162,,1987-08-24,Prioritas
N-11163,Nasabah Baru N-11163,Laki-laki,1994-01-16,Prioritas
N-11164,Nasabah Baru N-11164,Female,1972-05-15,Reguler
N-11165,Nasabah Baru N-11165,Female,07/05/2000,
N-11166,Nasabah Baru N-11166,M,03/09/1977,Reguler
N-11167,Nasabah Baru N-11167,L,1997-01-27,
N-11168,Nasabah Baru N-11168,Laki-laki,1980-08-08,Reguler
N-11169,Nasabah Baru N-11169,Female,2001-11-16,Prioritas
N-11170,Nasabah Baru N-11170,Female,1979-03-28,Reguler
N-11171,Nasabah Baru N-11171,,1982-10-22,Prioritas
N-11172,Nasabah Baru N-11172,P,29/10/2002,Prioritas
N-11173,Nasabah Baru N-11173,Female,26/06/2004,Prioritas
N-11174,Nasabah Baru N-11174,Laki-laki,2002-05-21,Reguler
N-11175,Nasabah Baru N-11175,,06/02/1992,Prioritas
N-11176,Nasabah Baru N-11176,Laki-laki,1976-04-27,Prioritas
N-11177,Nasabah Baru N-11177,,10/08/1996,Prioritas
N-11178,Nasabah Baru N-11178,M,2002-07-18,Reguler
N-11179,Nasabah Baru N-11179,Laki-laki,13/02/1994,
N-11180,Nasabah Baru N-11180,M,13/12/2003,Prioritas
N-11181,Nasabah Baru N-11181,,1991-11-19,Reguler
N-11182,Nasabah Baru N-11182,P,1978-02-18,Reguler
N-11183,Nasabah Baru N-11183,P,24/04/1977,
N-11184,Nasabah Baru N-11184,Female,14/08/1983,Reguler
N-11185,Nasabah Baru N-11185,M,1985-11-05,Prioritas
N-11186,Nasabah Baru N-11186,P,11/10/1978,
N-11187,Nasabah Baru N-11187,L,1985-02-27,Prioritas
N-11188,Nasabah Baru N-11188,L,22/07/1973,Prioritas
N-11189,Nasabah Baru N-11189,L,1982-07-04,Prioritas
N-11190,Nasabah Baru N-11190,Female,1980-04-07,
N-11191,Nasabah Baru N-11191,Laki-laki,1989-10-30,Reguler
N-11192,Nasabah Baru N-11192,L,28/02/1996,
N-11193,Nasabah Baru N-11193,P,06/10/2002,Prioritas
N-11194,Nasabah Baru N-11194,,11/03/1983,Prioritas
N-11195,Nasabah Baru N-11195,Laki-laki,1981-08-23,Reguler
N-11196,Nasabah Baru N-11196,M,10/10/1989,
N-11197,Nasabah Baru N-11197,P,2004-01-12,Prioritas
N-11198,Nasabah Baru N-11198,P,17/10/1983,Reguler
N-11199,Nasabah Baru N-11199,L,04/10/1982,
N-11200,Nasabah Baru N-11200,P,2001-10-16,Prioritas
N-11201,Nasabah Baru N-11201,M,2005-08-13,Prioritas
N-11202,Nasabah Baru N-11202,P,2002-12-26,Reguler
N-11203,Nasabah Baru N-11203,,19/04/1977,Reguler
N-11204,Nasabah Baru N-11204,P,2001-05-31,Prioritas
N-11205,Nasabah Baru N-11205,P,11/08/1999,Reguler
N-11206,Nasabah Baru N-11206,L,18/08/1982,Prioritas
N-11207,Nasabah Baru N-11207,M,2002-10-05,Reguler
N-11208,Nasabah Baru N-11208,Laki-laki,27/10/1986,Reguler
N-11209,Nasabah Baru N-11209,Laki-laki,1996-09-09,Prioritas
N-11210,Nasabah Baru N-11210,L,19/08/1981,Prioritas
N-11211,Nasabah Baru N-11211,Female,30/07/1984,Prioritas
N-11212,Nasabah Baru N-11212,,1996-02-01,Reguler
N-11213,Nasabah Baru N-11213,M,02/05/1990,Prioritas
N-11214,Nasabah Baru N-11214,M,25/10/1989,
N-11215,Nasabah Baru N-11215,Laki-laki,1974-04-26,Prioritas
N-11216,Nasabah Baru N-11216,P,1981-01-10,
N-11217,Nasabah Baru N-11217,Laki-laki,03/02/2002,Reguler
N-11218,Nasabah Baru N-11218,M,15/04/2000,Prioritas
N-11219,Nasabah Baru N-11219,P,1980-03-14,Reguler
N-11220,Nasabah Baru N-11220,M,15/11/1970,Reguler
N-11221,Nasabah Baru N-11221,P,21/10/1976,
N-11222,Nasabah Baru N-11222,L,25/11/1995,Prioritas
N-11223,Nasabah Baru N-11223,,1992-09-12,
N-11224,Nasabah Baru N-11224,Female,1994-05-09,
N-11225,Nasabah Baru N-11225,P,1978-05-18,Prioritas
N-11226,Nasabah Baru N-11226,L,1985-08-22,Prioritas
N-11227,Nasabah Baru N-11227,,25/12/1992,Reguler
N-11228,Nasabah Baru N-11228,L,05/01/1988,Reguler
N-11229,Nasabah Baru N-11229,M,09/10/1977,Reguler
N-11230,Nasabah Baru N-11230,L,1983-01-08,Prioritas
N-11231,Nasabah Baru N-11231,L,11/09/1977,
N-11232,Nasabah Baru N-11232,M,11/08/1985,Reguler
N-11233,Nasabah Baru N-11233,P,15/03/1994,Reguler
N-11234,Nasabah Baru N-11234,M,2004-06-26,Prioritas
N-11235,Nasabah Baru N-11235,,04/01/1976,Prioritas
N-11236,Nasabah Baru N-11236,Female,18/06/1988,
N-11237,Nasabah Baru N-11237,,1977-12-19,Reguler
N-11238,Nasabah Baru N-11238,P,11/10/2000,
N-11239,Nasabah Baru N-11239,,29/05/2005,Prioritas
N-11240,Nasabah Baru N-11240,Laki-laki,20/03/1978,Prioritas
N-11241,Nasabah Baru N-11241,,10/10/1993,Reguler
N-11242,Nasabah Baru N-11242,Laki-laki,16/09/1998,
N-11243,Nasabah Baru N-11243,Laki-laki,1982-04-07,
N-11244,Nasabah Baru N-11244,M,1989-12-05,Prioritas
N-11245,Nasabah Baru N-11245,Female,2002-07-31,Reguler
N-11246,Nasabah Baru N-11246,M,1999-10-01,Reguler
N-11247,Nasabah Baru N-11247,L,1997-03-31,
N-11248,Nasabah Baru N-11248,,13/09/1981,Reguler
N-11249,Nasabah Baru N-11249,,12/03/1981,Reguler
N-11250,Nasabah Baru N-11250,L,2001-06-07,
N-11251,Nasabah Baru N-11251,,1981-05-08,Reguler
N-11252,Nasabah Baru N-11252,P,31/12/2003,
N-11253,Nasabah Baru N-11253,L,26/05/1987,Prioritas
N-11254,Nasabah Baru N-11254,Female,1983-03-15,Prioritas
N-11255,Nasabah Baru N-11255,,12/06/1993,
N-11256,Nasabah Baru N-11256,P,17/10/1995,Reguler
N-11257,Nasabah Baru N-11257,Female,1970-04-29,
N-11258,Nasabah Baru N-11258,,1979-09-04,Reguler
N-11259,Nasabah Baru N-11259,L,1980-07-04,
N-11260,Nasabah Baru N-11260,,18/06/1975,Prioritas
N-11261,Nasabah Baru N-11261,L,14/09/1991,
N-11262,Nasabah Baru N-11262,M,14/06/1982,Reguler
N-11263,Nasabah Baru N-11263,Female,2004-11-28,
N-11264,Nasabah Baru N-11264,P,07/06/1989,
N-11265,Nasabah Baru N-11265,L,04/09/1987,Reguler
N-11266,Nasabah Baru N-11266,Laki-laki,1972-03-05,Reguler
N-11267,Nasabah Baru N-11267,Female,1999-07-24,Prioritas
N-11268,Nasabah Baru N-11268,P,1992-09-27,Prioritas
N-11269,Nasabah Baru N-11269,M,1976-03-28,Reguler
N-11270,Nasabah Baru N-11270,P,1983-09-14,Prioritas
N-11271,Nasabah Baru N-11271,M,30/11/1981,Reguler
N-11272,Nasabah Baru N-11272,,25/09/1990,
N-11273,Nasabah Baru N-11273,L,21/03/1993,
N-11274,Nasabah Baru N-11274,M,1974-04-10,Prioritas
N-11275,Nasabah Baru N-11275,,1988-02-22,
N-11276,Nasabah Baru N-11276,L,1971-11-02,
N-11277,Nasabah Baru N-11277,,1972-07-17,Prioritas
N-11278,Nasabah Baru N-11278,P,1976-11-16,Prioritas
N-11279,Nasabah Baru N-11279,L,19/08/1981,
N-11280,Nasabah Baru N-11280,,29/05/1982,Prioritas
N-11281,Nasabah Baru N-11281,Female,2004-07-11,
N-11282,Nasabah Baru N-11282,Laki-laki,1982-05-21,Reguler
N-11283,Nasabah Baru N-11283,,06/12/1972,
N-11284,Nasabah Baru N-11284,,1993-07-03,Prioritas
N-11285,Nasabah Baru N-11285,P,25/11/1998,Prioritas
N-11286,Nasabah Baru N-11286,M,22/07/1970,Reguler
N-11287,Nasabah Baru N-11287,L,29/03/1983,Prioritas
N-11288,Nasabah Baru N-11288,Laki-laki,21/06/1987,Reguler
N-11289,Nasabah Baru N-11289,Female,2004-10-14,Reguler
N-11290,Nasabah Baru N-11290,M,1990-03-05,Reguler
N-11291,Nasabah Baru N-11291,P,1983-02-11,Prioritas
N-11292,Nasabah Baru N-11292,P,22/11/2001,Prioritas
N-11293,Nasabah Baru N-11293,Female,1990-10-03,Prioritas
N-11294,Nasabah Baru N-11294,Laki-laki,1991-09-22,
N-11295,Nasabah Baru N-11295,L,1999-02-25,
N-11296,Nasabah Baru N-11296,Laki-laki,19/05/1978,Prioritas
N-11297,Nasabah Baru N-11297,P,04/04/1991,Prioritas
N-11298,Nasabah Baru N-11298,Laki-laki,22/01/1983,Prioritas
N-11299,Nasabah Baru N-11299,,29/03/2003,Prioritas
N-11300,Nasabah Baru N-11300,P,2002-01-11,Prioritas
N-11301,Nasabah Baru N-11301,M,1980-07-02,
N-11302,Nasabah Baru N-11302,L,1979-12-03,Prioritas
N-11303,Nasabah Baru N-11303,Female,04/01/1984,
N-11304,Nasabah Baru N-11304,Female,06/07/1996,Reguler
N-11305,Nasabah Baru N-11305,P,23/05/1973,
N-11306,Nasabah Baru N-11306,L,1983-06-06,Prioritas
N-11307,Nasabah Baru N-11307,L,10/06/1999,Prioritas
N-11308,Nasabah Baru N-11308,,15/04/1974,Reguler
N-11309,Nasabah Baru N-11309,M,1998-05-26,
N-11310,Nasabah Baru N-11310,Female,2001-07-16,Reguler
N-11311,Nasabah Baru N-11311,Laki-laki,2000-10-03,Prioritas
N-11312,Nasabah Baru N-11312,Female,08/03/1993,Prioritas
N-11313,Nasabah Baru N-11313,M,1984-01-03,Reguler
N-11314,Nasabah Baru N-11314,Laki-laki,1999-03-05,Reguler
N-11315,Nasabah Baru N-11315,Laki-laki,25/12/1974,Prioritas
N-11316,Nasabah Baru N-11316,Female,30/01/1975,Reguler
N-11317,Nasabah Baru N-11317,M,2000-03-30,Prioritas
N-11318,Nasabah Baru N-11318,,27/07/1987,
N-11319,Nasabah Baru N-11319,Laki-laki,09/12/1978,
N-11320,Nasabah Baru N-11320,M,11/05/2001,
N-11321,Nasabah Baru N-11321,L,1982-01-14,
N-11322,Nasabah Baru N-11322,Female,06/03/1999,Reguler
N-11323,Nasabah Baru N-11323,M,1983-04-01,Reguler
N-11324,Nasabah Baru N-11324,L,1996-11-21,
N-11325,Nasabah Baru N-11325,L,1972-04-23,Prioritas
N-11326,Nasabah Baru N-11326,Laki-laki,1980-06-27,
N-11327,Nasabah Baru N-11327,Laki-laki,03/07/1996,Reguler
N-11328,Nasabah Baru N-11328,Laki-laki,17/08/1989,Reguler
N-11329,Nasabah Baru N-11329,Laki-laki,22/01/1979,Reguler
N-11330,Nasabah Baru N-11330,Female,25/09/1995,
N-11331,Nasabah Baru N-11331,L,20/10/1976,Prioritas
N-11332,Nasabah Baru N-11332,M,1980-04-09,Prioritas
N-11333,Nasabah Baru N-11333,,18/09/1975,
N-11334,Nasabah Baru N-11334,M,1993-08-21,Prioritas
N-11335,Nasabah Baru N-11335,P,2005-06-20,Prioritas
N-11336,Nasabah Baru N-11336,M,23/09/2000,Prioritas
N-11337,Nasabah Baru N-11337,Female,1998-08-25,
N-11338,Nasabah Baru N-11338,P,13/09/1989,Reguler
N-11339,Nasabah Baru N-11339,L,1987-02-18,
N-11340,Nasabah Baru N-11340,P,2005-10-28,Prioritas
N-11341,Nasabah Baru N-11341,L,1986-05-27,
N-11342,Nasabah Baru N-11342,M,1994-08-20,Reguler
N-11343,Nasabah Baru N-11343,P,2004-03-19,Reguler
N-11344,Nasabah Baru N-11344,M,2004-02-18,
N-11345,Nasabah Baru N-11345,,1987-03-03,Prioritas
N-11346,Nasabah Baru N-11346,Female,1978-11-23,
N-11347,Nasabah Baru N-11347,L,2003-02-08,Prioritas
N-11348,Nasabah Baru N-11348,Laki-laki,06/04/1977,
N-11349,Nasabah Baru N-11349,,15/07/1985,Reguler
N-11350,Nasabah Baru N-11350,M,1992-06-02,Prioritas
N-11351,Nasabah Baru N-11351,Laki-laki,1980-07-01,Prioritas
N-11352,Nasabah Baru N-11352,L,24/09/1982,Reguler
N-11353,Nasabah Baru N-11353,Laki-laki,29/06/2002,Prioritas
N-11354,Nasabah Baru N-11354,P,1978-09-27,Prioritas
N-11355,Nasabah Baru N-11355,,30/07/1979,Prioritas
N-11356,Nasabah Baru N-11356,P,1972-10-08,Reguler
N-11357,Nasabah Baru N-11357,P,1977-11-22,Prioritas
N-11358,Nasabah Baru N-11358,,1992-08-17,
N-11359,Nasabah Baru N-11359,L,1991-06-08,Prioritas
N-11360,Nasabah Baru N-11360,,1983-12-03,Prioritas
N-11361,Nasabah Baru N-11361,Female,23/02/1999,Prioritas
N-11362,Nasabah Baru N-11362,L,11/03/1991,Reguler
N-11363,Nasabah Baru N-11363,Laki-laki,1972-01-18,Prioritas
N-11364,Nasabah Baru N-11364,M,08/12/1992,Prioritas
N-11365,Nasabah Baru N-11365,L,1984-05-09,
N-11366,Nasabah Baru N-11366,,28/10/1972,Prioritas
N-11367,Nasabah Baru N-11367,P,1974-09-19,Prioritas
N-11368,Nasabah Baru N-11368,L,1978-09-20,Reguler
N-11369,Nasabah Baru N-11369,Female,26/09/1984,Prioritas
N-11370,Nasabah Baru N-11370,P,01/05/1994,
N-11371,Nasabah Baru N-11371,,01/12/2005,Reguler
N-11372,Nasabah Baru N-11372,Female,1972-07-21,Reguler
N-11373,Nasabah Baru N-11373,L,1980-07-24,Prioritas
N-11374,Nasabah Baru N-11374,L,1970-05-21,
N-11375,Nasabah Baru N-11375,P,13/04/1978,Prioritas
N-11376,Nasabah Baru N-11376,Laki-laki,2001-03-13,Prioritas
N-11377,Nasabah Baru N-11377,,1973-02-27,
N-11378,Nasabah Baru N-11378,Female,1976-08-02,
N-11379,Nasabah Baru N-11379,P,12/01/1984,
N-11380,Nasabah Baru N-11380,M,1976-05-06,Reguler
N-11381,Nasabah Baru N-11381,Female,28/01/1978,Prioritas
N-11382,Nasabah Baru N-11382,Female,1970-05-22,
N-11383,Nasabah Baru N-11383,Laki-laki,1985-04-30,Reguler
N-11384,Nasabah Baru N-11384,Laki-laki,1983-03-14,Prioritas
N-11385,Nasabah Baru N-11385,P,15/08/1982,Prioritas
N-11386,Nasabah Baru N-11386,P,25/11/1992,Reguler
N-11387,Nasabah Baru N-11387,Laki-laki,23/11/2003,
N-11388,Nasabah Baru N-11388,Female,27/04/1988,
N-11389,Nasabah Baru N-11389,P,12/07/1998,Prioritas
N-11390,Nasabah Baru N-11390,L,30/03/2004,Prioritas
N-11391,Nasabah Baru N-11391,M,2002-12-19,Prioritas
N-11392,Nasabah Baru N-11392,P,1982-09-06,
N-11393,Nasabah Baru N-11393,P,2003-04-06,Reguler
N-11394,Nasabah Baru N-11394,P,1976-10-13,
N-11395,Nasabah Baru N-11395,Female,1972-03-04,Prioritas
N-11396,Nasabah Baru N-11396,P,15/12/1989,Reguler
N-11397,Nasabah Baru N-11397,Laki-laki,2003-02-11,
N-11398,Nasabah Baru N-11398,Female,24/12/1999,Reguler
N-11399,Nasabah Baru N-11399,P,01/01/1971,
N-11400,Nasabah Baru N-11400,L,30/05/1979,Reguler
N-11401,Nasabah Baru N-11401,P,08/02/2000,Reguler
N-11402,Nasabah Baru N-11402,M,1997-08-04,Reguler
N-11403,Nasabah Baru N-11403,L,15/11/1999,Reguler
N-11404,Nasabah Baru N-11404,Laki-laki,1985-02-21,
N-11405,Nasabah Baru N-11405,,21/04/1977,Reguler
N-11406,Nasabah Baru N-11406,,1998-10-17,
N-11407,Nasabah Baru N-11407,L,02/03/1976,
N-11408,Nasabah Baru N-11408,M,08/08/1999,Reguler
N-11409,Nasabah Baru N-11409,Laki-laki,06/12/1995,Prioritas
N-11410,Nasabah Baru N-11410,Female,11/11/1994,Prioritas
N-11411,Nasabah Baru N-11411,P,18/06/2004,Prioritas
N-11412,Nasabah Baru N-11412,,1978-09-04,
N-11413,Nasabah Baru N-11413,Female,1975-01-30,Prioritas
N-11414,Nasabah Baru N-11414,L,26/12/2000,
N-11415,Nasabah Baru N-11415,P,16/02/1975,Prioritas
N-11416,Nasabah Baru N-11416,P,1987-07-29,Prioritas
N-11417,Nasabah Baru N-11417,P,20/07/1973,
N-11418,Nasabah Baru N-11418,Laki-laki,1987-08-31,
N-11419,Nasabah Baru N-11419,Female,1986-05-06,Reguler
N-11420,Nasabah Baru N-11420,,1981-04-19,Prioritas
N-11421,Nasabah Baru N-11421,,25/06/1996,Reguler
N-11422,Nasabah Baru N-11422,Laki-laki,22/11/1994,
N-11423,Nasabah Baru N-11423,,2003-07-16,Reguler
N-11424,Nasabah Baru N-11424,Female,1988-02-19,Prioritas
N-11425,Nasabah Baru N-11425,,16/01/1971,Prioritas
N-11426,Nasabah Baru N-11426,Female,1975-12-02,Reguler
N-11427,Nasabah Baru N-11427,,01/01/1974,
N-11428,Nasabah Baru N-11428,Laki-laki,1980-05-12,Reguler
N-11429,Nasabah Baru N-11429,,29/09/1995,Prioritas
N-11430,Nasabah Baru N-11430,Laki-laki,1994-12-09,Reguler
N-11431,Nasabah Baru N-11431,P,2004-06-24,Reguler
N-11432,Nasabah Baru N-11432,P,1986-09-11,
N-11433,Nasabah Baru N-11433,Laki-laki,29/12/1978,
N-11434,Nasabah Baru N-11434,Laki-laki,1975-11-18,Reguler
N-11435,Nasabah Baru N-11435,M,1983-10-26,Reguler
N-11436,Nasabah Baru N-11436,M,19/03/2005,
N-11437,Nasabah Baru N-11437,L,1983-08-30,Reguler
N-11438,Nasabah Baru N-11438,Female,1974-08-20,Prioritas
N-11439,Nasabah Baru N-11439,,20/11/1999,Reguler
N-11440,Nasabah Baru N-11440,Laki-laki,26/08/2002,Prioritas
N-11441,Nasabah Baru N-11441,,29/07/1994,Prioritas
N-11442,Nasabah Baru N-11442,P,1989-01-08,Reguler
N-11443,Nasabah Baru N-11443,L,24/08/1992,
N-11444,Nasabah Baru N-11444,P,1984-04-03,
N-11445,Nasabah Baru N-11445,Laki-laki,1972-11-03,Prioritas
N-11446,Nasabah Baru N-11446,Laki-laki,1989-04-24,Reguler
N-11447,Nasabah Baru N-11447,Laki-laki,15/07/1982,Prioritas
N-11448,Nasabah Baru N-11448,Female,18/01/1975,
N-11449,Nasabah Baru N-11449,L,24/02/1977,
N-11450,Nasabah Baru N-11450,P,18/05/1990,
N-11451,Nasabah Baru N-11451,L,31/10/1987,
N-11452,Nasabah Baru N-11452,Laki-laki,27/08/1970,Reguler
N-11453,Nasabah Baru N-11453,,1980-03-20,Reguler
N-11454,Nasabah Baru N-11454,P,1981-08-31,Prioritas
N-11455,Nasabah Baru N-11455,M,2004-12-18,Reguler
N-11456,Nasabah Baru N-11456,,13/07/1988,
N-11457,Nasabah Baru N-11457,Laki-laki,2005-11-11,Prioritas
N-11458,Nasabah Baru N-11458,Laki-laki,2000-09-08,Prioritas
N-11459,Nasabah Baru N-11459,L,10/07/1995,Reguler
N-11460,Nasabah Baru N-11460,Female,1971-11-28,Prioritas
N-11461,Nasabah Baru N-11461,L,1985-05-02,Reguler
N-11462,Nasabah Baru N-11462,L,1976-08-03,Prioritas
N-11463,Nasabah Baru N-11463,P,17/01/1988,Prioritas
N-11464,Nasabah Baru N-11464,P,1992-01-07,Reguler
N-11465,Nasabah Baru N-11465,M,1978-07-17,Reguler
N-11466,Nasabah Baru N-11466,P,1998-06-06,Prioritas
N-11467,Nasabah Baru N-11467,Laki-laki,2000-06-24,Reguler
N-11468,Nasabah Baru N-11468,Laki-laki,17/03/1982,Prioritas
N-11469,Nasabah Baru N-11469,Laki-laki,08/07/2002,Reguler
N-11470,Nasabah Baru N-11470,P,10/03/1974,
N-11471,Nasabah Baru N-11471,M,23/09/1980,Prioritas
N-11472,Nasabah Baru N-11472,Laki-laki,12/06/1997,
N-11473,Nasabah Baru N-11473,M,09/05/1974,
N-11474,Nasabah Baru N-11474,Laki-laki,29/10/2003,Reguler
N-11475,Nasabah Baru N-11475,Female,1997-01-07,Reguler
N-11476,Nasabah Baru N-11476,L,1986-01-23,Reguler
N-11477,Nasabah Baru N-11477,,09/03/2005,
N-11478,Nasabah Baru N-11478,Laki-laki,10/12/1977,Prioritas
N-11479,Nasabah Baru N-11479,M,13/11/1972,Prioritas
N-11480,Nasabah Baru N-11480,Laki-laki,15/10/2005,
N-11481,Nasabah Baru N-11481,,2002-10-05,
N-11482,Nasabah Baru N-11482,,12/05/2001,Reguler
N-11483,Nasabah Baru N-11483,P,2003-04-30,Prioritas
N-11484,Nasabah Baru N-11484,Laki-laki,1974-03-26,Reguler
N-11485,Nasabah Baru N-11485,,29/12/1987,Prioritas
N-11486,Nasabah Baru N-11486,P,2000-12-30,Reguler
N-11487,Nasabah Baru N-11487,,09/02/1988,
N-11488,Nasabah Baru N-11488,P,04/02/1993,
N-11489,Nasabah Baru N-11489,L,19/11/1999,
N-11490,Nasabah Baru N-11490,Female,1984-10-12,Reguler
N-11491,Nasabah Baru N-11491,L,02/11/2005,Reguler
N-11492,Nasabah Baru N-11492,,1995-12-14,Reguler
N-11493,Nasabah Baru N-11493,P,16/01/1991,
N-11494,Nasabah Baru N-11494,Laki-laki,1997-05-28,Reguler
N-11495,Nasabah Baru N-11495,,06/04/1998,
N-11496,Nasabah Baru N-11496,,1994-09-05,Prioritas
N-11497,Nasabah Baru N-11497,P,1972-08-10,Prioritas
N-11498,Nasabah Baru N-11498,Female,05/03/1990,Prioritas
N-11499,Nasabah Baru N-11499,,1977-04-15,Prioritas
N-11500,Nasabah Baru N-11500,P,1974-11-19,Prioritas
