nasabah_code;nama_lengkap;jenis_kelamin;tanggal_lahir;segmen_nasabah
N-15001;Rizal Permata;M;14/02/1984;Reguler
N-15002;Vina Hakim;Female;06/12/1963;Private
N-15003;Gita Hidayat;P;16/03/1977;
N-15004;Kartika Utami;Female;29/04/1993;prio
N-15005;Hadi Permata;P;27/12/1989;RETAIL
N-15006;Indah Pratama;Female;15/02/1990;Prioritas
N-15007;Tono Permata;L;31/03/1967;RETAIL
N-15008;Indah Wijaya;Pria;08/11/1965;RETAIL
N-15009;Indah Setiawan;M;18/11/1962;
N-15010;Umi Setiawan;Laki-laki;12/09/1971;Private
N-15011;Andi Maharani;P;14/09/1981;
N-15012;Tono Setiawan;;08/09/1984;RETAIL
N-15013;Gita Kusuma;Female;24/02/1969;RETAIL
N-15014;Kartika Lestari;Laki-laki;06/07/1987;prio
N-15015;Andi Hidayat;P;05/03/1994;RETAIL
N-15016;Kartika Santoso;P;05/05/1985;Prioritas
N-15017;Oki Kusuma;M;29/08/1979;Reguler
N-15018;Oki Hakim;;29/12/1983;Private
N-15019;Wawan Maharani;Wanita;10/08/1996;prio
N-15020;Dewi Lestari;Laki-laki;22/10/1982;Prioritas
N-15021;Sari Santoso;;15/04/1972;Private
N-15022;Wawan Kusuma;L;10/07/1979;RETAIL
N-15023;Nanda Utami;;22/09/1983;
N-15024;Yuni Hakim;P;24/04/1996;Prioritas
N-15025;Nanda Saputra;P;25/02/1997;RETAIL
N-15026;Nanda Hakim;Laki-laki;12/02/2004;prio
N-15027;Maya Hidayat;;10/02/1991;prio
N-15028;Indah Maharani;Wanita;08/09/1992;Reguler
N-15029;Citra Hidayat;Pria;13/11/1998;Prioritas
N-15030;Rizal Santoso;M;13/02/1975;Private
N-15031;Oki Hidayat;Pria;04/06/2002;Reguler
N-15032;Gita Utami;P;07/01/2003;Private
N-15033;Yuni Maharani;M;11/10/1983;Prioritas
N-15034;Vina Utami;Female;29/05/1968;Reguler
N-15035;Andi Santoso;;16/06/1979;Prioritas
N-15036;Umi Hidayat;Pria;16/03/1963;RETAIL
N-15037;Dewi Wijaya;Female;29/09/2003;Private
N-15038;Budi Lestari;Wanita;07/07/1963;
N-15039;Eka Kusuma;L;06/08/2003;Prioritas
N-15040;Maya Kusuma;P;13/09/2002;RETAIL
N-15041;Sari Wijaya;P;25/08/1961;RETAIL
N-15042;Kartika Hakim;Laki-laki;30/12/1986;Reguler
N-15043;Rizal Pratama;Wanita;06/08/1984;Reguler
N-15044;Maya Permata;L;07/12/1965;
N-15045;Tono Kusuma;;14/11/1987;Prioritas
N-15046;Eka Hidayat;P;15/05/2001;
N-15047;Budi Pratama;P;10/11/1982;
N-15048;Tono Setiawan;M;14/02/1986;Reguler
N-15049;Wawan Kusuma;Wanita;13/05/1972;prio
N-15050;Umi Permata;Pria;07/11/1975;Prioritas
N-15051;Hadi Hidayat;P;09/02/1992;Prioritas
N-15052;Hadi Setiawan;Laki-laki;24/12/1970;RETAIL
N-15053;Budi Permata;P;29/11/1984;Reguler
N-15054;Gita Wijaya;M;10/12/1999;Reguler
N-15055;Zaki Hidayat;M;11/04/1991;Reguler
N-15056;Rizal Hakim;;22/10/1976;Reguler
N-15057;Fajar Lestari;Female;09/12/1975;RETAIL
N-15058;Maya Utami;Pria;15/03/1995;RETAIL
N-15059;Citra Hakim;P;01/06/1982;Private
N-15060;Hadi Utami;P;08/10/1983;Private
N-15061;Rizal Kusuma;L;08/07/1981;Reguler
N-15062;Andi Lestari;L;05/05/1991;Private
N-15063;Oki Setiawan;Pria;27/08/1976;Reguler
N-15064;Maya Wijaya;M;13/08/1995;Private
N-15065;Wawan Wijaya;Laki-laki;12/12/1985;prio
N-15066;Gita Kusuma;;01/10/1995;prio
N-15067;Citra Pratama;P;18/04/1986;Private
N-15068;Yuni Pratama;Pria;18/11/1999;Prioritas
N-15069;Rizal Utami;Laki-laki;03/05/1987;Prioritas
N-15070;Tono Maharani;M;17/10/1995;prio
N-15071;Joko Lestari;Pria;04/09/1993;Private
N-15072;Budi Permata;Pria;25/11/1967;Prioritas
N-15073;Joko Setiawan;M;01/07/1995;RETAIL
N-15074;Rizal Santoso;P;20/10/1968;Prioritas
N-15075;Putri Utami;L;21/06/1967;RETAIL
N-15076;Eka Pratama;Wanita;02/12/1985;Private
N-15077;Sari Hidayat;M;25/01/1991;
N-15078;Rizal Hakim;L;07/07/1991;Prioritas
N-15079;Yuni Setiawan;;15/06/1987;Prioritas
N-15080;Citra Maharani;M;01/04/1991;prio
N-15081;Sari Kusuma;P;07/09/1979;Reguler
N-15082;Nanda Lestari;P;07/04/1961;RETAIL
N-15083;Budi Setiawan;Laki-laki;27/07/1966;Private
N-15084;Wawan Kusuma;L;12/04/1990;Private
N-15085;Citra Pratama;Pria;23/07/1971;prio
N-15086;Umi Wijaya;Pria;05/06/1996;RETAIL
N-15087;Joko Setiawan;L;17/06/1965;Reguler
N-15088;Nanda Wijaya;Wanita;09/09/1995;
N-15089;Oki Permata;;31/07/1990;prio
N-15090;Rizal Hidayat;P;06/02/1985;prio
N-15091;Eka Lestari;Wanita;03/11/1974;RETAIL
N-15092;Rizal Hakim;Laki-laki;17/05/1988;
N-15093;Tono Santoso;Female;04/11/1998;
N-15094;Joko Kusuma;;11/03/2002;RETAIL
N-15095;Putri Lestari;Laki-laki;31/02/1999;
N-15096;Hadi Kusuma;Laki-laki;18/11/1972;
N-15097;Rizal Permata;Female;13/12/1987;RETAIL
N-15098;Citra Kusuma;Female;21/11/1987;Private
N-15099;Budi Saputra;;31/02/1999;Private
N-15100;Nanda Hakim;P;22/07/1992;Prioritas
N-15101;Putri Setiawan;L;29/04/1989;Prioritas
N-15102;Maya Maharani;M;20/07/1991;Prioritas
N-15103;Kartika Lestari;M;11/09/1991;
N-15104;Sari Santoso;L;21/08/1964;Private
N-15105;Lutfi Hidayat;;16/04/1997;prio
N-15106;Dewi Hidayat;Female;24/02/1973;RETAIL
N-15107;Citra Pratama;M;08/06/1973;
N-15108;Indah Maharani;Pria;14/10/1994;Private
N-15109;Hadi Hidayat;;29/03/1985;Prioritas
N-15110;Umi Permata;L;29/01/1995;Reguler
N-15111;Oki Setiawan;Laki-laki;03/04/1965;prio
N-15112;Umi Maharani;Female;13/11/1974;RETAIL
N-15113;Vina Hidayat;Female;14/05/1964;Reguler
N-15114;Zaki Wijaya;P;22/02/1982;prio
N-15115;Eka Wijaya;Wanita;16/01/1961;
N-15116;Nanda Saputra;M;24/12/1974;RETAIL
N-15117;Rizal Permata;Laki-laki;17/02/1975;
N-15118;Eka Pratama;L;27/02/1965;Prioritas
N-15119;Fajar Saputra;L;23/03/1982;Private
N-15120;Gita Pratama;;04/12/1961;Private
N-15121;Lutfi Setiawan;;07/05/1983;Prioritas
N-15122;Kartika Saputra;Pria;25/08/2000;Reguler
N-15123;Yuni Saputra;Female;15/03/1990;prio
N-15124;Gita Lestari;Pria;13/01/2003;Reguler
N-15125;Andi Lestari;L;21/12/1988;Private
N-15126;Rizal Pratama;Female;15/01/1967;prio
N-15127;Budi Saputra;Female;25/11/1989;Reguler
N-15128;Wawan Utami;P;27/07/1997;Reguler
N-15129;Hadi Lestari;Pria;01/08/1966;Reguler
N-15130;Yuni Saputra;Pria;12/07/1997;
N-15131;Joko Maharani;Pria;21/09/1972;Private
N-15132;Zaki Santoso;Pria;26/11/1997;Prioritas
N-15133;Nanda Pratama;M;19/10/1979;Reguler
N-15134;Nanda Saputra;Female;31/07/2000;Reguler
N-15135;Citra Maharani;Wanita;22/05/1967;Private
N-15136;Indah Maharani;;13/10/1997;Private
N-15137;Budi Hakim;Female;29/10/1974;Private
N-15138;Rizal Setiawan;Pria;30/01/1963;
N-15139;Oki Permata;M;09/02/1978;Private
N-15140;Eka Utami;P;20/09/1992;prio
N-15141;Gita Lestari;Wanita;03/10/1989;Prioritas
N-15142;Sari Utami;Wanita;31/10/1969;Private
N-15143;Vina Setiawan;Wanita;;Private
N-15144;Nanda Pratama;Female;;Private
N-15145;Wawan Saputra;Pria;25/11/1977;Prioritas
N-15146;Andi Maharani;Laki-laki;30/07/1971;prio
N-15147;Sari Saputra;Pria;06/01/1996;Reguler
N-15148;Oki Permata;P;08/11/2002;Reguler
N-15149;Citra Kusuma;Wanita;;
N-15150;Citra Hidayat;Wanita;13/06/2002;RETAIL
N-15151;Gita Maharani;;18/08/2001;RETAIL
N-15152;Putri Utami;Female;11/10/1999;Reguler
N-15153;Indah Setiawan;Wanita;29/11/1991;RETAIL
N-15154;Gita Wijaya;L;;RETAIL
N-15155;Umi Kusuma;Female;02/12/1988;Reguler
N-15156;Umi Permata;Pria;09/09/1976;prio
N-15157;Lutfi Setiawan;Female;31/02/1999;RETAIL
N-15158;Eka Setiawan;Pria;05/12/1995;Reguler
N-15159;Yuni Maharani;Wanita;06/08/1994;RETAIL
N-15160;Budi Utami;M;;Private
N-15161;Eka Permata;Laki-laki;13/09/1967;prio
N-15162;Joko Hidayat;Laki-laki;26/04/1988;RETAIL
N-15163;Hadi Utami;L;08/05/1995;Private
N-15164;Umi Wijaya;Wanita;11/01/1967;Prioritas
N-15165;Lutfi Saputra;Female;18/11/1984;Private
N-15166;Hadi Wijaya;P;29/07/1990;prio
N-15167;Fajar Wijaya;Female;21/11/1979;
N-15168;Putri Saputra;Female;08/03/1975;
N-15169;Kartika Lestari;M;25/07/1973;Prioritas
N-15170;Kartika Permata;;27/05/1966;
N-15171;Nanda Hidayat;P;;Reguler
N-15172;Rizal Pratama;Pria;06/04/1980;prio
N-15173;Maya Pratama;M;16/08/1991;Prioritas
N-15174;Hadi Kusuma;Pria;30/05/1978;prio
N-15175;Joko Utami;Laki-laki;04/09/1978;Prioritas
N-15176;Hadi Kusuma;Female;27/10/1966;RETAIL
N-15177;Zaki Saputra;;08/07/1981;
N-15178;Tono Santoso;Wanita;15/12/1979;Private
N-15179;Oki Santoso;P;04/09/1986;Prioritas
N-15180;Dewi Pratama;P;09/01/1961;Prioritas
N-15181;Joko Utami;Wanita;28/02/1969;RETAIL
N-15182;Budi Hidayat;;10/03/1991;Prioritas
N-15183;Citra Setiawan;M;27/04/1993;RETAIL
N-15184;Putri Kusuma;Pria;02/09/1981;Prioritas
N-15185;Nanda Hidayat;M;24/10/1970;Reguler
N-15186;Oki Lestari;L;12/05/1960;Reguler
N-15187;Gita Santoso;P;12/12/1966;prio
N-15188;Kartika Kusuma;P;14/09/1973;Reguler
N-15189;Maya Pratama;Laki-laki;29/10/1986;RETAIL
N-15190;Zaki Permata;L;28/05/1971;Private
N-15191;Lutfi Maharani;M;06/01/1973;RETAIL
N-15192;Rizal Lestari;Female;30/12/2001;RETAIL
N-15193;Nanda Permata;M;17/03/1975;Reguler
N-15194;Zaki Santoso;M;18/04/1993;prio
N-15195;Budi Utami;P;13/04/1989;RETAIL
N-15196;Wawan Santoso;;22/09/1980;
N-15197;Indah Hidayat;;08/09/1977;RETAIL
N-15198;Indah Wijaya;Pria;29/03/1969;RETAIL
N-15199;Gita Santoso;L;09/06/1972;
N-15200;Andi Utami;Female;28/12/2003;RETAIL
N-15201;Hadi Utami;Female;28/10/1971;Private
N-15202;Gita Santoso;;11/12/1998;Private
N-15203;Eka Hakim;Female;13/06/1979;Private
N-15204;Putri Santoso;Laki-laki;04/03/1991;Reguler
N-15205;Joko Maharani;Female;12/10/1991;prio
N-15206;Yuni Lestari;P;31/02/1999;prio
N-15207;Hadi Hidayat;P;10/02/1986;prio
N-15208;Citra Kusuma;Pria;08/11/1970;Private
N-15209;Zaki Hakim;L;17/11/1961;Private
N-15210;Zaki Kusuma;L;09/06/2004;prio
N-15211;Indah Hidayat;Wanita;11/12/1973;RETAIL
N-15212;Eka Saputra;L;07/05/1966;RETAIL
N-15213;Putri Maharani;Pria;15/10/1962;prio
N-15214;Nanda Utami;P;16/01/2004;
N-15215;Indah Santoso;Pria;;Reguler
N-15216;Hadi Setiawan;;04/12/1999;Private
N-15217;Eka Hidayat;Wanita;07/04/1994;Reguler
N-15218;Wawan Saputra;M;07/04/1983;RETAIL
N-15219;Umi Maharani;Laki-laki;04/06/2000;
N-15220;Kartika Utami;Female;05/11/1968;Private
N-15221;Tono Hidayat;Wanita;13/09/1962;Private
N-15222;Fajar Santoso;Laki-laki;15/04/1992;RETAIL
N-15223;Citra Lestari;P;04/01/1996;
N-15224;Yuni Kusuma;Female;17/01/1974;RETAIL
N-15225;Nanda Wijaya;Pria;22/07/1988;Private
N-15226;Tono Hakim;P;10/02/2000;RETAIL
N-15227;Lutfi Utami;P;09/12/1990;Prioritas
N-15228;Fajar Setiawan;Female;05/05/1963;Private
N-15229;Umi Pratama;Female;14/07/1984;prio
N-15230;Maya Maharani;Female;;Prioritas
N-15231;Lutfi Hakim;L;16/05/1989;
N-15232;Eka Saputra;Laki-laki;06/11/2005;RETAIL
N-15233;Maya Pratama;M;28/04/1965;Prioritas
N-15234;Nanda Wijaya;Female;17/05/1989;Private
N-15235;Joko Saputra;M;27/12/1982;prio
N-15236;Andi Santoso;P;14/02/1991;
N-15237;Wawan Setiawan;L;23/12/1983;Reguler
N-15238;Vina Setiawan;;18/10/1995;Reguler
N-15239;Citra Saputra;Laki-laki;20/07/1963;Private
N-15240;Gita Kusuma;P;29/05/1977;Prioritas
N-15241;Budi Setiawan;Laki-laki;05/01/2003;Private
N-15242;Putri Permata;L;03/12/1982;RETAIL
N-15243;Zaki Hakim;M;16/12/2005;Private
N-15244;Sari Santoso;P;07/02/1998;Prioritas
N-15245;Vina Hidayat;Pria;16/12/2003;
N-15246;Budi Kusuma;M;15/11/1963;Reguler
N-15247;Oki Hakim;Wanita;14/02/2003;Private
N-15248;Sari Kusuma;Laki-laki;;
N-15249;Zaki Santoso;Laki-laki;;
N-15250;Fajar Hakim;Laki-laki;03/11/1993;prio
N-15251;Joko Wijaya;Pria;29/04/1973;Prioritas
N-15252;Oki Permata;Wanita;17/12/2004;
N-15253;Nanda Hakim;;31/10/1979;
N-15254;Eka Saputra;P;23/12/1993;Private
N-15255;Wawan Hakim;Wanita;18/07/1973;Prioritas
N-15256;Lutfi Saputra;Female;07/01/2002;Private
N-15257;Zaki Hakim;Female;07/04/1971;RETAIL
N-15258;Oki Maharani;Wanita;12/01/1963;Reguler
N-15259;Citra Maharani;;14/07/1971;Private
N-15260;Tono Hakim;Pria;18/10/1971;Reguler
N-15261;Gita Utami;Laki-laki;04/06/1969;Private
N-15262;Dewi Maharani;Wanita;13/12/1972;
N-15263;Tono Permata;;05/12/1968;Prioritas
N-15264;Budi Pratama;M;29/12/1985;RETAIL
N-15265;Budi Permata;;14/04/1992;RETAIL
N-15266;Vina Hidayat;M;31/08/1962;Private
N-15267;Wawan Maharani;L;18/02/1963;Private
N-15268;Joko Santoso;;13/09/1966;RETAIL
N-15269;Indah Kusuma;Laki-laki;31/02/1999;Reguler
N-15270;Gita Permata;M;20/05/1965;prio
N-15271;Nanda Lestari;L;18/10/1988;prio
N-15272;Tono Santoso;L;10/12/1981;
N-15273;Sari Maharani;;29/04/1992;prio
N-15274;Zaki Kusuma;Female;04/10/1979;Prioritas
N-15275;Sari Hidayat;P;09/07/1995;Reguler
N-15276;Kartika Permata;Laki-laki;31/08/1964;
N-15277;Zaki Setiawan;Wanita;13/08/1972;Reguler
N-15278;Fajar Pratama;Wanita;05/01/1971;RETAIL
N-15279;Wawan Maharani;P;05/04/1961;Private
N-15280;Gita Permata;Pria;26/11/1992;prio
N-15281;Indah Utami;Laki-laki;16/09/2002;prio
N-15282;Vina Pratama;L;01/03/1961;
N-15283;Rizal Pratama;Laki-laki;19/09/1997;prio
N-15284;Vina Santoso;M;27/01/2005;prio
N-15285;Putri Hidayat;L;14/09/1988;Reguler
N-15286;Yuni Pratama;Female;07/10/1985;Reguler
N-15287;Putri Saputra;;03/03/1976;Reguler
N-15288;Citra Setiawan;P;21/12/1992;RETAIL
N-15289;Yuni Setiawan;L;16/09/2002;RETAIL
N-15290;Sari Wijaya;Wanita;20/08/1982;Prioritas
N-15291;Fajar Wijaya;;02/07/1973;
N-15292;Hadi Permata;Laki-laki;18/09/1990;RETAIL
N-15293;Putri Lestari;;20/10/1966;RETAIL
N-15294;Yuni Lestari;Laki-laki;31/03/2003;
N-15295;Umi Lestari;L;09/05/1998;RETAIL
N-15296;Yuni Lestari;Laki-laki;09/02/1998;Private
N-15297;Lutfi Hidayat;;30/09/1961;Private
N-15298;Fajar Setiawan;;09/01/1966;Reguler
N-15299;Indah Utami;Pria;10/06/1974;
N-15300;Andi Hidayat;L;17/06/1967;Reguler
N-15301;Putri Lestari;Laki-laki;26/10/1982;
N-15302;Zaki Santoso;M;05/01/1999;Reguler
N-15303;Lutfi Utami;M;04/08/1971;Reguler
N-15304;Maya Hakim;;05/10/1995;
N-15305;Tono Santoso;Pria;24/04/2004;RETAIL
N-15306;Zaki Maharani;P;03/09/1999;prio
N-15307;Oki Lestari;Pria;09/01/1997;RETAIL
N-15308;Joko Pratama;Laki-laki;31/02/1999;Reguler
N-15309;Citra Wijaya;;26/07/1961;Prioritas
N-15310;Citra Wijaya;;28/12/1992;Prioritas
N-15311;Sari Hidayat;Female;30/04/1967;Reguler
N-15312;Lutfi Santoso;Laki-laki;18/09/1962;prio
N-15313;Joko Santoso;Wanita;02/06/1971;
N-15314;Wawan Pratama;Female;16/10/1999;Prioritas
N-15315;Joko Permata;Pria;13/04/1997;Prioritas
N-15316;Budi Wijaya;Pria;;Private
N-15317;Joko Setiawan;;25/06/1965;
N-15318;Fajar Wijaya;M;06/01/1992;prio
N-15319;Andi Lestari;;13/12/1991;Private
N-15320;Hadi Maharani;P;25/07/1969;Private
N-15321;Zaki Saputra;L;27/06/1981;RETAIL
N-15322;Maya Lestari;L;22/07/1984;prio
N-15323;Dewi Saputra;Female;12/10/1994;Private
N-15324;Budi Hidayat;Pria;;Prioritas
N-15325;Hadi Permata;L;13/12/1987;Reguler
N-15326;Rizal Hakim;Laki-laki;13/06/1979;RETAIL
N-15327;Umi Setiawan;;30/10/1982;Reguler
N-15328;Eka Utami;Wanita;15/07/1980;RETAIL
N-15329;Dewi Saputra;Laki-laki;03/08/1995;RETAIL
N-15330;Hadi Lestari;Pria;03/09/1963;
N-15331;Tono Hidayat;Laki-laki;22/09/1984;prio
N-15332;Putri Pratama;L;21/03/1989;Prioritas
N-15333;Sari Hakim;Pria;28/07/1965;Private
N-15334;Citra Kusuma;P;04/06/2001;
N-15335;Putri Pratama;P;;
N-15336;Lutfi Setiawan;Laki-laki;01/03/1997;Private
N-15337;Dewi Santoso;;29/10/1977;Prioritas
N-15338;Eka Wijaya;M;24/02/1960;prio
N-15339;Sari Utami;;29/06/1973;RETAIL
N-15340;Vina Lestari;Wanita;24/05/1963;Private
N-15341;Fajar Kusuma;Pria;05/10/1976;RETAIL
N-15342;Wawan Saputra;Female;03/01/1986;RETAIL
N-15343;Zaki Utami;;25/08/2004;
N-15344;Joko Permata;Wanita;07/09/2000;Prioritas
N-15345;Dewi Hakim;;30/12/1977;prio
N-15346;Oki Maharani;Female;04/11/2000;RETAIL
N-15347;Putri Hakim;Female;;Prioritas
N-15348;Maya Kusuma;L;05/05/1989;Private
N-15349;Gita Permata;M;10/05/1971;Reguler
N-15350;Sari Utami;;19/12/1983;Private
N-15351;Citra Hakim;P;08/07/1966;
N-15352;Wawan Saputra;M;17/10/1969;Prioritas
N-15353;Andi Utami;Pria;14/10/1969;Private
N-15354;Putri Permata;Pria;20/07/1994;RETAIL
N-15355;Dewi Saputra;Female;31/02/1999;prio
N-15356;Nanda Kusuma;Laki-laki;03/12/1963;Prioritas
N-15357;Joko Saputra;L;19/12/1998;
N-15358;Tono Pratama;Female;23/09/1968;Reguler
N-15359;Rizal Wijaya;M;05/12/2000;Prioritas
N-15360;Vina Kusuma;Laki-laki;22/08/1978;Prioritas
N-15361;Gita Lestari;Wanita;01/02/1963;Reguler
N-15362;Gita Hakim;Pria;16/03/1988;RETAIL
N-15363;Dewi Hakim;Pria;05/11/1975;Private
N-15364;Vina Lestari;Pria;19/05/1976;prio
N-15365;Eka Permata;M;28/02/1978;
N-15366;Tono Santoso;Pria;09/05/1967;Prioritas
N-15367;Sari Hidayat;P;25/08/1966;Reguler
N-15368;Oki Hakim;P;26/06/1985;Private
N-15369;Eka Hidayat;Female;15/05/1973;Private
N-15370;Putri Pratama;L;01/11/1982;Reguler
N-15371;Vina Setiawan;;16/09/1964;
N-15372;Citra Utami;;28/09/1981;Reguler
N-15373;Citra Setiawan;;12/08/1963;prio
N-15374;Putri Saputra;Laki-laki;20/04/2005;RETAIL
N-15375;Nanda Saputra;M;25/11/1975;Prioritas
N-15376;Sari Permata;P;18/03/1989;RETAIL
N-15377;Umi Maharani;M;26/04/2002;Private
N-15378;Wawan Setiawan;L;21/12/1965;Private
N-15379;Sari Lestari;;04/07/2004;RETAIL
N-15380;Maya Wijaya;Pria;01/07/2004;Prioritas
N-15381;Hadi Maharani;M;17/06/2002;Private
N-15382;Nanda Hakim;Female;31/02/1999;Reguler
N-15383;Fajar Permata;Pria;18/02/1975;
N-15384;Rizal Kusuma;M;11/08/2001;
N-15385;Sari Hakim;M;15/08/1979;RETAIL
N-15386;Joko Hakim;Wanita;26/07/1981;
N-15387;Joko Permata;Pria;05/07/1984;Private
N-15388;Lutfi Maharani;Female;31/02/1999;Private
N-15389;Oki Utami;P;04/04/1960;Private
N-15390;Andi Lestari;P;04/01/1960;Prioritas
N-15391;Tono Utami;M;13/09/1970;prio
N-15392;Andi Kusuma;Female;28/12/1977;prio
N-15393;Tono Saputra;Laki-laki;18/04/1971;Private
N-15394;Fajar Kusuma;Laki-laki;11/11/1983;RETAIL
N-15395;Hadi Utami;Pria;31/02/1999;Private
N-15396;Tono Hakim;L;08/07/1978;RETAIL
N-15397;Yuni Maharani;M;20/06/2000;RETAIL
N-15398;Putri Saputra;Wanita;;Prioritas
N-15399;Umi Pratama;L;19/07/1965;prio
N-15400;Yuni Saputra;Pria;17/06/1975;RETAIL
N-15401;Vina Setiawan;L;;Reguler
N-15402;Joko Kusuma;Laki-laki;16/01/1968;prio
N-15403;Nanda Wijaya;P;06/02/1993;RETAIL
N-15404;Lutfi Setiawan;Female;15/11/1995;prio
N-15405;Dewi Wijaya;Female;26/04/1961;Prioritas
N-15406;Rizal Permata;L;11/03/1972;RETAIL
N-15407;Hadi Permata;Pria;20/02/1993;RETAIL
N-15408;Gita Setiawan;Laki-laki;28/05/1983;
N-15409;Wawan Kusuma;Wanita;19/07/1994;
N-15410;Citra Permata;M;31/02/1999;Prioritas
N-15411;Wawan Permata;M;24/02/1994;Prioritas
N-15412;Hadi Pratama;L;24/10/1982;Private
N-15413;Putri Lestari;Wanita;01/01/1976;RETAIL
N-15414;Vina Hakim;Wanita;08/01/2002;RETAIL
N-15415;Putri Utami;L;21/06/1977;Private
N-15416;Wawan Saputra;L;18/07/1987;
N-15417;Andi Pratama;Female;11/06/1999;Private
N-15418;Oki Kusuma;Female;06/09/1961;Prioritas
N-15419;Hadi Hidayat;Wanita;03/06/1971;prio
N-15420;Nanda Permata;P;28/06/1960;Private
N-15421;Tono Kusuma;M;17/05/1969;RETAIL
N-15422;Umi Utami;M;21/03/1964;Private
N-15423;Eka Maharani;Female;29/09/1992;Prioritas
N-15424;Eka Saputra;Wanita;25/08/1963;
N-15425;Oki Wijaya;Pria;31/02/1999;prio
N-15426;Joko Hidayat;Laki-laki;05/07/1984;prio
N-15427;Rizal Hakim;P;27/10/1980;
N-15428;Wawan Kusuma;Female;15/12/1976;Reguler
N-15429;Lutfi Permata;Wanita;;Reguler
N-15430;Fajar Wijaya;Wanita;14/10/1976;RETAIL
N-15431;Gita Setiawan;Laki-laki;;Prioritas
N-15432;Nanda Lestari;Wanita;;Private
N-15433;Tono Setiawan;M;21/05/2003;RETAIL
N-15434;Umi Hidayat;;29/08/1997;
N-15435;Vina Pratama;Wanita;15/10/1961;
N-15436;Indah Santoso;Female;27/10/1977;
N-15437;Putri Saputra;M;24/07/1992;
N-15438;Wawan Wijaya;L;10/01/1981;prio
N-15439;Budi Lestari;Wanita;20/10/1973;Prioritas
N-15440;Sari Saputra;L;06/01/1964;
N-15441;Maya Maharani;Laki-laki;18/11/1992;Private
N-15442;Kartika Hidayat;M;31/02/1999;prio
N-15443;Sari Kusuma;Wanita;19/03/1981;Prioritas
N-15444;Gita Wijaya;Laki-laki;22/02/1984;Prioritas
N-15445;Nanda Utami;L;16/02/1974;RETAIL
N-15446;Oki Wijaya;P;24/10/1980;RETAIL
N-15447;Fajar Hidayat;L;17/06/1972;
N-15448;Lutfi Hakim;Female;01/07/1977;prio
N-15449;Gita Kusuma;Pria;30/03/1965;prio
N-15450;Rizal Lestari;Pria;22/12/1980;RETAIL
N-15451;Joko Lestari;Pria;12/07/1968;Private
N-15452;Citra Hidayat;;21/02/1996;prio
N-15453;Gita Saputra;M;26/10/1976;Prioritas
N-15454;Budi Lestari;M;11/08/1966;
N-15455;Sari Setiawan;Laki-laki;31/02/1999;Private
N-15456;Zaki Saputra;Wanita;01/04/1976;Prioritas
N-15457;Gita Pratama;Female;17/12/1965;Reguler
N-15458;Indah Maharani;P;04/11/1972;prio
N-15459;Putri Maharani;Female;;Prioritas
N-15460;Citra Saputra;Laki-laki;28/08/1987;Reguler
N-15461;Yuni Santoso;Female;28/08/2004;Reguler
N-15462;Vina Setiawan;Female;31/02/1999;Private
N-15463;Vina Utami;Female;09/03/2002;Reguler
N-15464;Yuni Permata;Wanita;13/06/1968;RETAIL
N-15465;Gita Lestari;Pria;15/12/1968;
N-15466;Kartika Wijaya;Wanita;10/06/1972;RETAIL
N-15467;Maya Maharani;Wanita;30/12/1983;Prioritas
N-15468;Wawan Setiawan;Wanita;19/08/1990;
N-15469;Fajar Pratama;Female;01/11/1994;RETAIL
N-15470;Yuni Utami;M;09/09/1961;Reguler
N-15471;Dewi Setiawan;Pria;06/04/1990;Private
N-15472;Oki Maharani;Laki-laki;31/02/1999;prio
N-15473;Nanda Pratama;Female;07/02/1973;
N-15474;Rizal Hidayat;L;16/11/1996;Private
N-15475;Umi Hidayat;;08/04/1968;Prioritas
N-15476;Putri Lestari;P;02/01/1965;Private
N-15477;Joko Permata;Female;28/08/1985;Private
N-15478;Fajar Hidayat;P;23/06/1999;
N-15479;Fajar Kusuma;P;12/06/1981;Prioritas
N-15480;Sari Santoso;Female;02/01/2004;Private
N-15481;Nanda Utami;P;27/06/1981;prio
N-15482;Putri Saputra;Female;13/06/1977;Private
N-15483;Indah Hakim;Female;02/02/1984;RETAIL
N-15484;Oki Lestari;M;30/05/1994;
N-15485;Gita Santoso;Laki-laki;09/08/1980;RETAIL
N-15486;Andi Maharani;P;21/02/2002;Prioritas
N-15487;Hadi Kusuma;Female;06/03/1970;Reguler
N-15488;Wawan Pratama;;14/07/2000;
N-15489;Umi Wijaya;M;11/05/1982;RETAIL
N-15490;Lutfi Lestari;;24/09/2002;Prioritas
N-15491;Sari Permata;Laki-laki;05/10/1986;Reguler
N-15492;Vina Santoso;Wanita;03/01/2005;
N-15493;Fajar Hakim;Wanita;05/08/1970;prio
N-15494;Hadi Utami;P;17/02/1997;Reguler
N-15495;Lutfi Permata;Pria;02/11/1968;Reguler
N-15496;Hadi Kusuma;;01/11/1991;Reguler
N-15497;Oki Santoso;P;26/11/1987;prio
N-15498;Yuni Pratama;;10/02/2003;Private
N-15499;Fajar Lestari;;05/12/1975;RETAIL
N-15500;Nanda Kusuma;Pria;24/05/2005;Prioritas
N-15501;Gita Setiawan;Female;21/12/2004;Prioritas
N-15502;Oki Pratama;Wanita;21/02/1978;prio
N-15503;Andi Saputra;Laki-laki;11/08/1991;Reguler
N-15504;Nanda Santoso;L;29/05/1985;
N-15505;Sari Pratama;P;03/11/1981;RETAIL
N-15506;Sari Santoso;P;16/08/1994;Reguler
N-15507;Budi Hidayat;;30/04/1962;
N-15508;Zaki Setiawan;Pria;17/02/1973;prio
N-15509;Hadi Hakim;M;22/01/2002;Prioritas
N-15510;Citra Wijaya;Laki-laki;03/04/1984;Prioritas
N-15511;Yuni Hakim;;10/08/1979;Private
N-15512;Putri Permata;Laki-laki;04/04/1991;Prioritas
N-15513;Citra Setiawan;P;09/08/2004;Prioritas
N-15514;Indah Kusuma;P;17/11/1982;prio
N-15515;Hadi Setiawan;Wanita;16/01/1994;prio
N-15516;Yuni Pratama;M;31/07/1986;Private
N-15517;Andi Lestari;Female;01/01/1989;
N-15518;Putri Permata;;06/08/1988;Reguler
N-15519;Sari Setiawan;P;27/05/1987;prio
N-15520;Putri Wijaya;P;25/11/1967;Reguler
N-15521;Indah Santoso;Female;12/09/1971;Prioritas
N-15522;Lutfi Kusuma;L;07/09/1962;RETAIL
N-15523;Zaki Utami;Laki-laki;30/01/1990;Prioritas
N-15524;Yuni Maharani;L;15/09/1992;prio
N-15525;Umi Hidayat;Wanita;29/12/1975;Reguler
N-15526;Eka Wijaya;Wanita;18/08/1982;RETAIL
N-15527;Hadi Hidayat;M;28/01/1978;RETAIL
N-15528;Dewi Hidayat;Pria;27/06/1976;prio
N-15529;Joko Santoso;Female;26/07/1987;RETAIL
N-15530;Rizal Utami;Pria;05/06/1985;prio
N-15531;Maya Utami;Laki-laki;31/02/1999;
N-15532;Joko Saputra;Pria;11/04/1971;Private
N-15533;Lutfi Setiawan;M;14/06/1974;prio
N-15534;Dewi Utami;P;07/07/1989;
N-15535;Putri Hidayat;Female;18/08/1965;Reguler
N-15536;Kartika Saputra;L;18/05/1988;Prioritas
N-15537;Yuni Hidayat;Pria;20/09/1980;RETAIL
N-15538;Citra Utami;Pria;27/09/1962;RETAIL
N-15539;Oki Santoso;;03/08/1973;
N-15540;Hadi Maharani;M;;
N-15541;Nanda Hidayat;Female;16/03/1962;Private
N-15542;Putri Utami;Female;14/08/1964;Reguler
N-15543;Citra Saputra;Pria;26/11/2002;Reguler
N-15544;Umi Saputra;Female;17/07/1967;prio
N-15545;Joko Kusuma;Pria;;Reguler
N-15546;Nanda Wijaya;Laki-laki;31/02/1999;Prioritas
N-15547;Gita Pratama;Pria;01/11/1968;prio
N-15548;Oki Santoso;M;13/06/1974;RETAIL
N-15549;Gita Setiawan;Wanita;27/11/1963;RETAIL
N-15550;Rizal Lestari;;01/04/1993;Private
N-15551;Eka Kusuma;Pria;31/12/1973;Reguler
N-15552;Eka Wijaya;L;02/01/1997;Prioritas
N-15553;Fajar Permata;Laki-laki;21/09/1961;Prioritas
N-15554;Lutfi Lestari;Wanita;29/06/1997;Reguler
N-15555;Maya Lestari;Pria;16/09/2004;Private
N-15556;Sari Lestari;Wanita;24/06/2003;Private
N-15557;Wawan Hakim;Pria;;RETAIL
N-15558;Tono Santoso;L;22/01/1981;prio
N-15559;Sari Maharani;Pria;21/08/1964;RETAIL
N-15560;Nanda Pratama;Laki-laki;21/12/1994;Private
N-15561;Putri Utami;M;16/11/1992;Reguler
N-15562;Nanda Santoso;Pria;28/10/2003;Prioritas
N-15563;Andi Santoso;;31/02/1999;Reguler
N-15564;Maya Permata;M;04/09/1974;Reguler
N-15565;Fajar Hidayat;M;06/02/1966;Private
N-15566;Dewi Lestari;Female;09/07/1971;Reguler
N-15567;Nanda Wijaya;Female;18/11/1974;Private
N-15568;Rizal Wijaya;M;;
N-15569;Lutfi Hakim;;15/08/1967;RETAIL
N-15570;Maya Lestari;L;24/10/2000;RETAIL
N-15571;Budi Permata;;14/09/1967;Prioritas
N-15572;Zaki Lestari;;25/10/1992;Prioritas
N-15573;Rizal Saputra;Wanita;09/05/1982;Private
N-15574;Putri Utami;Female;04/09/1976;
N-15575;Lutfi Hidayat;L;23/01/1967;
N-15576;Hadi Hakim;;16/04/1976;Prioritas
N-15577;Oki Setiawan;L;17/11/1984;prio
N-15578;Kartika Kusuma;L;06/04/1982;RETAIL
N-15579;Maya Santoso;Female;27/03/1997;Reguler
N-15580;Nanda Pratama;P;23/07/1997;
N-15581;Yuni Utami;P;07/03/1986;Prioritas
N-15582;Tono Santoso;;20/02/1975;Reguler
N-15583;Lutfi Hakim;Wanita;04/05/2000;
N-15584;Sari Utami;P;24/05/1982;Reguler
N-15585;Nanda Maharani;Pria;13/12/1968;prio
N-15586;Dewi Permata;Pria;04/12/1971;RETAIL
N-15587;Gita Saputra;;18/01/1988;Prioritas
N-15588;Eka Setiawan;Wanita;21/05/1995;prio
N-15589;Gita Utami;M;31/01/1964;Private
N-15590;Budi Utami;;07/08/1973;RETAIL
N-15591;Indah Saputra;M;05/04/1990;prio
N-15592;Nanda Santoso;Wanita;;
N-15593;Zaki Setiawan;Female;10/01/1993;RETAIL
N-15594;Vina Hakim;Laki-laki;12/10/1991;Reguler
N-15595;Oki Hidayat;Laki-laki;25/11/1980;
N-15596;Citra Pratama;;;
N-15597;Hadi Pratama;Female;08/04/1966;
N-15598;Hadi Setiawan;L;01/07/1972;Prioritas
N-15599;Putri Hakim;Wanita;22/11/2004;Private
N-15600;Kartika Hidayat;Wanita;05/09/1988;Private
N-15601;Oki Lestari;Laki-laki;09/11/1974;Private
N-15602;Sari Permata;Female;;Prioritas
N-15603;Tono Maharani;L;01/11/1964;prio
N-15604;Yuni Hidayat;P;27/01/2003;prio
N-15605;Eka Utami;P;14/10/2004;RETAIL
N-15606;Budi Maharani;Wanita;10/06/1962;Prioritas
N-15607;Tono Pratama;Wanita;14/01/1978;prio
N-15608;Nanda Kusuma;Female;18/01/1992;RETAIL
N-15609;Joko Pratama;M;29/05/1997;Reguler
N-15610;Lutfi Kusuma;Pria;25/07/1987;RETAIL
N-15611;Yuni Hidayat;;15/12/1961;prio
N-15612;Budi Pratama;M;02/06/1984;
N-15613;Andi Utami;M;16/06/1973;
N-15614;Gita Saputra;P;17/10/1963;prio
N-15615;Vina Utami;L;03/11/1961;Private
N-15616;Citra Maharani;M;03/02/1989;RETAIL
N-15617;Eka Kusuma;Pria;23/03/1975;
N-15618;Dewi Wijaya;P;16/01/1977;Reguler
N-15619;Rizal Wijaya;Wanita;03/10/1979;
N-15620;Zaki Kusuma;Wanita;02/11/1973;Private
N-15621;Citra Wijaya;Laki-laki;29/11/1979;prio
N-15622;Budi Utami;M;;RETAIL
N-15623;Vina Utami;Pria;27/07/1981;Reguler
N-15624;Vina Utami;P;23/03/1994;
N-15625;Tono Saputra;L;10/01/1976;RETAIL
N-15626;Vina Hakim;M;31/02/1999;Reguler
N-15627;Citra Maharani;Wanita;11/02/1990;Reguler
N-15628;Andi Permata;Wanita;26/05/1970;Prioritas
N-15629;Maya Maharani;Wanita;09/12/1985;Private
N-15630;Zaki Utami;Laki-laki;31/02/1999;Reguler
N-15631;Joko Permata;P;23/04/1973;prio
N-15632;Oki Hakim;Female;04/07/1976;Prioritas
N-15633;Sari Pratama;M;09/12/1995;Prioritas
N-15634;Budi Maharani;Laki-laki;19/04/1987;Prioritas
N-15635;Citra Setiawan;L;07/06/1983;
N-15636;Wawan Pratama;;09/10/1976;RETAIL
N-15637;Putri Pratama;;23/01/1977;RETAIL
N-15638;Citra Maharani;;14/11/1973;prio
N-15639;Hadi Santoso;L;19/02/1963;Prioritas
N-15640;Rizal Wijaya;Wanita;30/01/1984;prio
N-15641;Umi Lestari;L;14/09/1974;prio
N-15642;Sari Hidayat;;20/04/1986;Private
N-15643;Indah Permata;L;04/02/1978;RETAIL
N-15644;Kartika Hakim;L;10/09/1977;Private
N-15645;Putri Wijaya;L;24/12/1977;RETAIL
N-15646;Yuni Hidayat;Wanita;04/09/1986;
N-15647;Dewi Lestari;Female;30/05/1979;Prioritas
N-15648;Budi Utami;Pria;03/03/1987;Reguler
N-15649;Maya Utami;M;08/09/1976;
N-15650;Dewi Pratama;Female;03/09/1980;
N-15651;Yuni Hakim;L;18/06/1999;Reguler
N-15652;Putri Saputra;L;23/02/2004;Reguler
N-15653;Yuni Santoso;P;05/10/1968;
N-15654;Putri Saputra;Wanita;27/10/1966;prio
N-15655;Nanda Pratama;M;15/12/1991;Reguler
N-15656;Tono Setiawan;P;09/10/1982;
N-15657;Budi Saputra;L;14/03/1962;
N-15658;Wawan Santoso;Female;15/12/1984;Reguler
N-15659;Indah Utami;M;24/05/1981;RETAIL
N-15660;Andi Setiawan;Wanita;06/11/1995;Reguler
N-15661;Lutfi Permata;Female;12/08/1997;Private
N-15662;Maya Utami;Laki-laki;16/10/1990;Prioritas
N-15663;Putri Permata;Female;14/10/2003;Reguler
N-15664;Citra Saputra;Pria;22/11/1966;prio
N-15665;Umi Kusuma;M;08/02/2005;Prioritas
N-15666;Maya Maharani;Pria;16/11/1971;RETAIL
N-15667;Kartika Hakim;Wanita;24/09/1988;prio
N-15668;Dewi Pratama;L;10/02/1981;Private
N-15669;Citra Permata;Laki-laki;22/07/1979;prio
N-15670;Zaki Pratama;M;02/08/1972;Prioritas
N-15671;Putri Maharani;Female;24/08/1978;Private
N-15672;Dewi Maharani;L;06/12/1991;
N-15673;Fajar Setiawan;L;29/10/1997;Prioritas
N-15674;Oki Maharani;Pria;10/12/1967;
N-15675;Hadi Pratama;;22/09/1989;Private
N-15676;Kartika Santoso;L;07/06/1985;
N-15677;Umi Kusuma;Wanita;22/01/2001;Reguler
N-15678;Indah Utami;M;18/09/1970;
N-15679;Budi Lestari;Laki-laki;16/08/1975;RETAIL
N-15680;Oki Wijaya;Female;05/04/1996;Private
N-15681;Sari Hidayat;Female;27/03/1967;Prioritas
N-15682;Tono Hakim;P;22/11/1985;Private
N-15683;Joko Setiawan;Wanita;07/10/1994;RETAIL
N-15684;Hadi Lestari;Wanita;09/10/1972;Reguler
N-15685;Dewi Permata;Female;20/08/1977;
N-15686;Fajar Hidayat;M;09/08/1980;prio
N-15687;Lutfi Maharani;Wanita;07/12/1987;Private
N-15688;Vina Pratama;L;31/02/1999;
N-15689;Oki Pratama;L;13/03/2005;Reguler
N-15690;Zaki Santoso;;27/07/1967;
N-15691;Vina Maharani;Laki-laki;12/07/1962;Reguler
N-15692;Indah Utami;P;09/02/1999;Prioritas
N-15693;Hadi Setiawan;Wanita;13/02/1964;Private
N-15694;Umi Pratama;Pria;07/08/1981;Reguler
N-15695;Joko Permata;Laki-laki;22/06/2001;
N-15696;Citra Saputra;P;05/12/1971;
N-15697;Citra Setiawan;Female;26/03/1960;RETAIL
N-15698;Dewi Setiawan;M;26/05/1974;RETAIL
N-15699;Kartika Setiawan;M;04/04/1961;Private
N-15700;Umi Kusuma;P;;RETAIL
N-15701;Maya Hakim;M;16/11/1981;Prioritas
N-15702;Lutfi Setiawan;Female;11/10/1966;prio
N-15703;Sari Pratama;;07/07/1980;
N-15704;Rizal Lestari;Pria;31/10/1998;Reguler
N-15705;Maya Saputra;L;17/02/2000;prio
N-15706;Eka Saputra;L;25/10/2003;Prioritas
N-15707;Umi Setiawan;L;06/01/2001;Reguler
N-15708;Lutfi Setiawan;Female;24/07/1969;RETAIL
N-15709;Maya Setiawan;M;21/07/2000;Prioritas
N-15710;Zaki Setiawan;M;17/09/1963;Prioritas
N-15711;Budi Santoso;M;01/01/1999;Private
N-15712;Zaki Hidayat;Female;02/06/1984;RETAIL
N-15713;Umi Maharani;M;15/03/2000;Reguler
N-15714;Joko Maharani;P;30/03/1998;Reguler
N-15715;Nanda Pratama;Female;27/06/1998;prio
N-15716;Kartika Setiawan;Pria;20/02/1962;Reguler
N-15717;Nanda Hakim;Wanita;24/03/1972;
N-15718;Maya Permata;Pria;03/08/1969;Reguler
N-15719;Joko Santoso;L;;
N-15720;Rizal Hakim;M;08/02/1972;
N-15721;Gita Santoso;Laki-laki;06/04/1967;Prioritas
N-15722;Eka Maharani;P;18/05/1982;Prioritas
N-15723;Putri Maharani;;11/09/1972;RETAIL
N-15724;Zaki Hakim;P;21/09/1986;Prioritas
N-15725;Lutfi Lestari;P;28/08/1964;Private
N-15726;Oki Permata;M;30/08/1995;Reguler
N-15727;Dewi Lestari;M;26/09/1986;RETAIL
N-15728;Sari Permata;Pria;29/03/1980;Private
N-15729;Yuni Wijaya;Wanita;19/11/1967;prio
N-15730;Fajar Santoso;;26/11/1998;
N-15731;Kartika Maharani;;20/11/1964;prio
N-15732;Lutfi Maharani;Pria;31/12/1997;Prioritas
N-15733;Vina Setiawan;M;27/07/1976;prio
N-15734;Rizal Saputra;;22/10/1968;RETAIL
N-15735;Eka Wijaya;Pria;26/04/1977;Prioritas
N-15736;Joko Hakim;;05/05/1991;RETAIL
N-15737;Nanda Permata;Female;23/12/1970;RETAIL
N-15738;Joko Santoso;M;17/01/1976;Reguler
N-15739;Putri Lestari;;03/01/2001;Prioritas
N-15740;Nanda Setiawan;Pria;02/05/1996;RETAIL
N-15741;Yuni Maharani;;28/05/1961;
N-15742;Yuni Hidayat;Pria;28/09/1990;
N-15743;Joko Hidayat;P;25/08/2000;RETAIL
N-15744;Fajar Lestari;Female;05/12/1977;Private
N-15745;Nanda Maharani;Wanita;19/02/1968;Private
N-15746;Maya Hidayat;Wanita;17/02/1972;Prioritas
N-15747;Indah Kusuma;Wanita;09/07/1965;prio
N-15748;Kartika Wijaya;P;06/12/2001;Reguler
N-15749;Sari Maharani;Laki-laki;22/11/1960;Prioritas
N-15750;Fajar Wijaya;P;23/07/1972;Private
N-15751;Tono Saputra;M;01/05/1973;RETAIL
N-15752;Tono Hidayat;L;26/08/1970;Reguler
N-15753;Oki Saputra;Female;25/04/1996;RETAIL
N-15754;Budi Utami;;25/09/1986;Prioritas
N-15755;Tono Setiawan;L;11/03/1997;Private
N-15756;Eka Setiawan;M;25/11/2003;Reguler
N-15757;Andi Permata;Pria;04/07/1982;Private
N-15758;Gita Saputra;Laki-laki;31/02/1999;Reguler
N-15759;Joko Utami;Laki-laki;03/11/1967;
N-15760;Budi Utami;Pria;;Reguler
N-15761;Zaki Maharani;M;02/05/1971;Prioritas
N-15762;Maya Setiawan;L;28/11/1994;Prioritas
N-15763;Budi Utami;Pria;23/02/1960;RETAIL
N-15764;Eka Permata;Pria;12/08/1983;prio
N-15765;Vina Maharani;M;28/04/1992;Private
N-15766;Putri Setiawan;L;26/02/2001;Reguler
N-15767;Dewi Hidayat;L;;
N-15768;Kartika Santoso;Wanita;05/02/1999;Prioritas
N-15769;Putri Hidayat;;11/01/1965;Reguler
N-15770;Maya Permata;P;16/05/1995;RETAIL
N-15771;Gita Permata;M;27/12/1985;Prioritas
N-15772;Joko Setiawan;Laki-laki;03/01/1997;prio
N-15773;Vina Lestari;P;23/03/1973;
N-15774;Citra Setiawan;Wanita;19/01/1961;Private
N-15775;Lutfi Maharani;Female;21/05/1976;Reguler
N-15776;Putri Pratama;Pria;01/11/2003;
N-15777;Tono Utami;Female;27/08/1983;Reguler
N-15778;Joko Hakim;L;06/01/1999;
N-15779;Tono Wijaya;Laki-laki;14/11/1961;Reguler
N-15780;Joko Permata;Pria;;RETAIL
N-15781;Indah Lestari;L;10/10/1968;prio
N-15782;Yuni Wijaya;Female;01/08/1996;Private
N-15783;Sari Santoso;Wanita;29/08/1978;prio
N-15784;Sari Setiawan;Pria;02/03/1972;Prioritas
N-15785;Citra Utami;P;08/09/1999;prio
N-15786;Hadi Kusuma;M;24/03/1977;Private
N-15787;Putri Wijaya;L;03/02/2000;Reguler
N-15788;Fajar Wijaya;Female;27/11/1975;prio
N-15789;Zaki Wijaya;L;06/02/1971;RETAIL
N-15790;Dewi Wijaya;M;31/03/1984;prio
N-15791;Lutfi Santoso;L;24/02/1995;Prioritas
N-15792;Nanda Maharani;Pria;24/04/1972;Prioritas
N-15793;Oki Utami;;23/11/1976;Private
N-15794;Zaki Maharani;L;02/05/1985;RETAIL
N-15795;Wawan Setiawan;Laki-laki;22/12/1978;RETAIL
N-15796;Lutfi Santoso;Female;16/09/1996;Prioritas
N-15797;Umi Saputra;;10/03/2001;Reguler
N-15798;Joko Hidayat;Female;29/04/1962;Prioritas
N-15799;Tono Maharani;M;28/02/2003;Private
N-15800;Dewi Lestari;;20/11/1995;Private
N-15801;Vina Maharani;;06/11/1986;Prioritas
N-15802;Nanda Utami;P;20/11/1966;Private
N-15803;Vina Pratama;Laki-laki;03/12/1960;Reguler
N-15804;Yuni Permata;P;26/12/1987;Prioritas
N-15805;Maya Kusuma;Female;17/09/1986;prio
N-15806;Wawan Pratama;Wanita;26/02/2001;RETAIL
N-15807;Wawan Lestari;Laki-laki;24/05/1974;Private
N-15808;Joko Utami;L;22/08/1962;prio
N-15809;Vina Lestari;Female;01/06/1982;Prioritas
N-15810;Umi Hakim;Pria;02/01/1988;Reguler
N-15811;Sari Hakim;Laki-laki;;Reguler
N-15812;Hadi Kusuma;L;14/07/1999;Reguler
N-15813;Maya Lestari;M;19/08/2002;Private
N-15814;Sari Hakim;P;17/11/2003;Reguler
N-15815;Oki Setiawan;Laki-laki;01/04/1987;RETAIL
N-15816;Putri Hakim;P;16/02/1962;Reguler
N-15817;Sari Kusuma;Wanita;06/02/1970;Private
N-15818;Budi Wijaya;Wanita;07/02/1963;Reguler
N-15819;Kartika Kusuma;Female;22/03/2002;Reguler
N-15820;Sari Lestari;L;06/07/1979;Prioritas
N-15821;Kartika Saputra;Laki-laki;19/01/1998;prio
N-15822;Wawan Lestari;L;27/12/2002;Prioritas
N-15823;Yuni Utami;Pria;19/01/2005;prio
N-15824;Yuni Setiawan;Wanita;15/11/1999;RETAIL
N-15825;Lutfi Lestari;M;16/11/1987;Prioritas
N-15826;Oki Wijaya;Laki-laki;15/04/1991;RETAIL
N-15827;Wawan Kusuma;Laki-laki;13/11/2000;Prioritas
N-15828;Lutfi Permata;M;02/06/1977;Prioritas
N-15829;Umi Hakim;M;04/01/1986;
N-15830;Andi Hakim;Laki-laki;;Reguler
N-15831;Dewi Permata;M;19/01/1992;
N-15832;Lutfi Kusuma;M;26/10/1960;prio
N-15833;Budi Pratama;L;21/03/1971;Reguler
N-15834;Oki Lestari;Laki-laki;21/06/2000;Private
N-15835;Umi Santoso;Pria;08/08/1993;Prioritas
N-15836;Indah Lestari;Wanita;22/04/1995;RETAIL
N-15837;Putri Santoso;M;14/12/1982;Prioritas
N-15838;Umi Kusuma;Laki-laki;02/06/1975;RETAIL
N-15839;Vina Utami;P;01/10/1973;Reguler
N-15840;Andi Hakim;M;29/04/1966;prio
N-15841;Indah Kusuma;Female;23/02/1962;RETAIL
N-15842;Kartika Kusuma;Female;12/01/1995;Reguler
N-15843;Rizal Permata;P;31/02/1999;
N-15844;Oki Lestari;Female;15/07/1970;Prioritas
N-15845;Maya Lestari;;08/08/2000;
N-15846;Oki Santoso;Pria;28/09/1989;prio
N-15847;Putri Saputra;P;29/06/1980;Private
N-15848;Fajar Permata;L;;
N-15849;Dewi Hidayat;Female;21/10/1981;Reguler
N-15850;Indah Santoso;Laki-laki;31/02/1999;Reguler
N-15851;Joko Hidayat;M;13/02/1978;Private
N-15852;Lutfi Santoso;Pria;26/02/2002;Private
N-15853;Yuni Setiawan;Female;20/12/1989;
N-15854;Hadi Hidayat;Laki-laki;04/04/2004;Reguler
N-15855;Budi Pratama;M;16/08/1981;Reguler
N-15856;Wawan Santoso;Pria;28/05/1977;Private
N-15857;Nanda Maharani;Pria;03/04/1978;prio
N-15858;Hadi Wijaya;Laki-laki;17/03/1999;RETAIL
N-15859;Wawan Hakim;Pria;31/08/1972;Private
N-15860;Indah Hakim;Laki-laki;02/09/2005;
N-15861;Kartika Santoso;M;19/05/1994;RETAIL
N-15862;Umi Santoso;P;15/06/1999;Prioritas
N-15863;Indah Maharani;Pria;08/04/1962;
N-15864;Citra Kusuma;Laki-laki;06/02/1988;Prioritas
N-15865;Joko Permata;L;29/09/2003;
N-15866;Vina Pratama;P;;RETAIL
N-15867;Andi Lestari;M;16/08/2004;
N-15868;Maya Lestari;L;24/11/1977;Prioritas
N-15869;Umi Permata;Laki-laki;03/07/1976;Prioritas
N-15870;Lutfi Utami;Pria;07/10/1985;Private
N-15871;Yuni Saputra;Wanita;29/01/1970;RETAIL
N-15872;Indah Pratama;Female;27/01/1961;RETAIL
N-15873;Joko Hidayat;Laki-laki;19/09/1980;Private
N-15874;Indah Saputra;Pria;22/10/1988;
N-15875;Oki Permata;L;31/07/1994;Prioritas
N-15876;Citra Permata;Wanita;04/12/1992;prio
N-15877;Fajar Saputra;Wanita;14/07/1979;Reguler
N-15878;Nanda Santoso;M;11/12/1974;prio
N-15879;Joko Setiawan;Laki-laki;20/05/1987;Reguler
N-15880;Rizal Wijaya;M;18/05/1976;
N-15881;Fajar Hakim;P;31/02/1999;Prioritas
N-15882;Indah Utami;Laki-laki;13/11/1965;Prioritas
N-15883;Indah Hidayat;L;18/12/1968;Private
N-15884;Vina Wijaya;Pria;20/04/2001;Private
N-15885;Maya Lestari;L;11/07/1996;prio
N-15886;Vina Kusuma;Pria;06/08/1963;prio
N-15887;Hadi Hidayat;Female;30/12/1984;prio
N-15888;Dewi Santoso;M;19/05/1990;Reguler
N-15889;Nanda Saputra;Laki-laki;09/01/1999;Private
N-15890;Eka Pratama;Pria;31/10/1960;RETAIL
N-15891;Citra Setiawan;Female;19/05/1989;RETAIL
N-15892;Joko Santoso;L;24/12/1999;Reguler
N-15893;Fajar Pratama;P;19/08/1960;Prioritas
N-15894;Rizal Utami;Female;25/12/1996;RETAIL
N-15895;Citra Permata;M;31/02/1999;Private
N-15896;Gita Santoso;M;01/09/1996;Reguler
N-15897;Kartika Saputra;Laki-laki;30/03/2000;prio
N-15898;Vina Kusuma;Laki-laki;31/02/1999;
N-15899;Rizal Kusuma;P;16/03/1963;Prioritas
N-15900;Fajar Maharani;L;29/03/1978;
N-15901;Tono Wijaya;P;18/11/1992;RETAIL
N-15902;Vina Setiawan;;27/12/1970;
N-15903;Yuni Setiawan;Laki-laki;25/09/1996;Prioritas
N-15904;Rizal Lestari;Female;29/10/1975;Prioritas
N-15905;Rizal Hakim;L;13/09/1981;Prioritas
N-15906;Gita Maharani;Pria;15/04/1999;Private
N-15907;Yuni Hidayat;Female;08/07/1999;Reguler
N-15908;Vina Kusuma;Female;26/09/1974;Private
N-15909;Lutfi Hidayat;Female;11/09/1982;RETAIL
N-15910;Rizal Maharani;L;20/01/1979;Reguler
N-15911;Gita Lestari;Laki-laki;04/11/1997;Prioritas
N-15912;Putri Saputra;Wanita;21/08/1964;
N-15913;Zaki Santoso;Laki-laki;22/12/1991;Private
N-15914;Budi Permata;L;17/09/1982;Reguler
N-15915;Budi Santoso;Laki-laki;11/05/1963;Reguler
N-15916;Rizal Saputra;Female;14/12/1993;prio
N-15917;Oki Pratama;Laki-laki;06/10/1973;Prioritas
N-15918;Yuni Maharani;Female;17/03/1972;Prioritas
N-15919;Putri Maharani;Pria;;Prioritas
N-15920;Dewi Wijaya;M;12/08/1961;prio
N-15921;Indah Santoso;Wanita;11/05/1967;prio
N-15922;Andi Kusuma;L;27/05/2004;Reguler
N-15923;Rizal Santoso;L;27/03/1960;Prioritas
N-15924;Rizal Kusuma;Laki-laki;21/11/1993;RETAIL
N-15925;Kartika Santoso;Laki-laki;11/09/1991;Reguler
N-15926;Rizal Utami;Laki-laki;30/01/1996;RETAIL
N-15927;Rizal Santoso;Laki-laki;31/02/1999;prio
N-15928;Indah Pratama;Pria;27/01/1998;prio
N-15929;Yuni Hakim;;16/07/1985;Prioritas
N-15930;Eka Hakim;Laki-laki;12/06/1976;Reguler
N-15931;Zaki Pratama;Pria;04/09/1969;Private
N-15932;Lutfi Pratama;Wanita;18/09/1966;Reguler
N-15933;Vina Permata;Female;01/04/1970;Private
N-15934;Maya Permata;L;17/06/1972;Prioritas
N-15935;Wawan Pratama;L;01/05/1985;Prioritas
N-15936;Tono Hidayat;Laki-laki;20/01/1964;
N-15937;Fajar Maharani;L;26/04/2001;Private
N-15938;Hadi Permata;L;30/09/1969;Prioritas
N-15939;Yuni Saputra;Laki-laki;26/01/1970;Reguler
N-15940;Joko Utami;M;12/10/1988;Private
N-15941;Citra Pratama;Pria;04/07/1991;Prioritas
N-15942;Nanda Utami;M;16/09/1993;RETAIL
N-15943;Wawan Hakim;Female;12/02/1994;Private
N-15944;Putri Lestari;Wanita;20/10/1988;Prioritas
N-15945;Oki Hidayat;Laki-laki;18/11/2004;prio
N-15946;Putri Pratama;M;28/02/1988;Private
N-15947;Fajar Saputra;M;23/04/1993;Private
N-15948;Lutfi Setiawan;Female;04/10/1996;Private
N-15949;Umi Hakim;Pria;04/07/1984;Prioritas
N-15950;Fajar Utami;Wanita;28/01/1978;Prioritas
N-15951;Eka Hakim;Laki-laki;29/06/1976;Reguler
N-15952;Indah Maharani;M;29/04/1975;Prioritas
N-15953;Umi Maharani;M;;prio
N-15954;Vina Kusuma;;20/11/1993;Prioritas
N-15955;Hadi Utami;M;23/03/1962;RETAIL
N-15956;Nanda Permata;L;06/07/1972;
N-15957;Umi Hidayat;Female;03/02/1993;prio
N-15958;Yuni Hidayat;Laki-laki;01/02/1974;Reguler
N-15959;Kartika Pratama;;24/02/1971;RETAIL
N-15960;Citra Maharani;L;14/08/1965;RETAIL
N-15961;Oki Pratama;Pria;01/08/1986;
N-15962;Zaki Pratama;Female;27/10/1981;Prioritas
N-15963;Sari Permata;Wanita;31/02/1999;prio
N-15964;Kartika Santoso;Wanita;24/02/1984;RETAIL
N-15965;Rizal Hidayat;M;07/11/1978;Reguler
N-15966;Joko Kusuma;L;15/06/1999;prio
N-15967;Joko Lestari;P;15/05/1973;
N-15968;Gita Wijaya;L;04/06/1969;
N-15969;Umi Setiawan;Female;11/07/2003;RETAIL
N-15970;Vina Setiawan;P;21/02/1973;prio
N-15971;Citra Kusuma;;28/09/1988;RETAIL
N-15972;Gita Wijaya;Pria;30/12/1994;RETAIL
N-15973;Vina Pratama;;17/05/1987;Private
N-15974;Rizal Utami;L;28/06/1974;Private
N-15975;Sari Permata;Pria;09/08/1990;Reguler
N-15976;Yuni Hakim;Pria;02/02/2003;
N-15977;Yuni Saputra;L;15/12/1986;prio
N-15978;Eka Wijaya;;04/12/2003;
N-15979;Citra Permata;Wanita;07/06/1962;Prioritas
N-15980;Indah Saputra;Female;29/04/1972;Reguler
N-15981;Nanda Kusuma;P;27/11/2000;Private
N-15982;Eka Setiawan;Pria;05/11/2003;
N-15983;Andi Kusuma;Laki-laki;30/03/1987;Reguler
N-15984;Fajar Hidayat;Pria;21/09/1992;
N-15985;Sari Hidayat;Laki-laki;02/08/1987;Prioritas
N-15986;Nanda Wijaya;;28/05/1991;Private
N-15987;Eka Utami;;27/05/1968;Private
N-15988;Oki Saputra;Laki-laki;18/11/1963;
N-15989;Joko Utami;Laki-laki;21/10/1996;RETAIL
N-15990;Tono Wijaya;M;11/12/1996;
N-15991;Budi Setiawan;Wanita;01/02/1996;prio
N-15992;Dewi Pratama;Pria;14/05/2000;RETAIL
N-15993;Budi Santoso;L;23/06/1990;
N-15994;Putri Kusuma;Wanita;08/10/1966;RETAIL
N-15995;Andi Kusuma;Wanita;28/08/1977;prio
N-15996;Zaki Setiawan;P;08/01/1968;prio
N-15997;Tono Maharani;Female;26/04/1978;prio
N-15998;Dewi Utami;;;Prioritas
N-15999;Indah Setiawan;;;Private
N-16000;Andi Santoso;L;14/01/1968;Reguler
